body,title,url
"
El presidente Alberto Fern√°ndez‚Äã habl√≥ este martes en el Council of the Americas, donde advirti√≥ que la Argentina ""necesita inversi√≥n, producci√≥n, trabajo y desarrollo"", volvi√≥ a cuestionar la herencia econ√≥mica que recibi√≥ del gobierno de Cambiemos y le dijo a los acreedores externos que el pa√≠s ""no"" puede mejorar su oferta para reestructurar la deuda. ""Necesitamos comprensi√≥n de todos. Pueden acusarnos de muchas cosas, pero no de no haber sostenido el di√°logo y de no haber hecho un esfuerzo enorme para encontrar una soluci√≥n. Y no tengan ninguna duda de que haremos todo el esfuerzo que podamos, pero cr√©anme tambi√©n que esto es lo que podemos, no podemos m√°s que esto, no es un capricho, es sensatez"", agreg√≥.‚Äã

El Jefe de Estado aprovech√≥ el evento para enviarle ese mensaje a los representantes de los principales grupos de acreedores externos con los que el ministro de Econom√≠a, Mart√≠n Guzm√°n, lleva adelante las gestiones para reestructurar compromisos por alrededor de 65.000 millones de d√≥lares.""Yo conf√≠o mucho que los acreedores entiendan que estamos haciendo un enorme esfuerzo haciendo la oferta que hicimos y que es lo √∫ltimo que podemos hacer. Y les pido que, por favor, ayuden a la Argentina a salir de esta postraci√≥n y empecemos a mirar en el futuro"", remarc√≥.En su exposici√≥n, reiter√≥ que ""es central el sentido de sostenibilidad"" porque, indic√≥, ""eso quiere decir que tenemos que lograr que la Argentina se desarrolle y que la deuda que debemos pagar sea coherente con el nivel de desarrollo que tenemos"".Seguido, el presidente Fern√°ndez aclar√≥ que ""no est√° para pelear con nadie"", sino que su voluntad es ""resolver el problema en t√©rminos sensatos"".Por otra parte, el primer mandatario describi√≥ cu√°l fue el escenario econ√≥mico que recibi√≥ cuando lleg√≥ al poder el pasado 10 de diciembre.¬†¬†""Recibimos un gobierno con much√≠simas dificultades, en una situaci√≥n muy compleja. La Argentina enfrentaba un 36% de pobreza, hab√≠a un nivel de endeudamiento que casi representaba el 100% del PIB, en una Argentina absolutamente estancada, con una inflaci√≥n que en el 2019 super√≥ los 50 puntos"", advirti√≥. Adem√°s, asegur√≥ que ahora ""lo que m√°s necesita la Argentina es inversi√≥n, producci√≥n, trabajo y desarrollo"". Fern√°ndez, dijo que ahora el objetivo de su Gobierno es ""sacar al pa√≠s del default"", aunque advirti√≥ que ""es imposible pedirle a un pa√≠s que tiene el 40 por ciento de pobreza que haga un esfuerzo m√°s"".""Yo creo que podemos hacer un cambio en la Argentina como en muchos a√±os no se hizo y la raz√≥n de poder hacerlo es el estado en el que nos dej√≥ la pandemia, que nos ense√±√≥ algo que los argentinos hac√≠a much√≠simos a√±os no practic√°bamos: la unidad"", asegur√≥.El rumbo econ√≥mico""Para superar la pobreza lo que hace falta es la inversi√≥n que produce, da trabajo y permite el desarrollo. Muchas veces me preguntan cu√°l es el plan y yo digo que los planes que la Argentina ha tenido en los √∫ltimos a√±os han sido todos un fracaso. Dos planes present√≥ el Gobierno de Macri y terminaron naufragando"", plante√≥. Luego, dijo que su estrategia consiste en fijarse objetivos y que todo lo que se haga permita cumplir esos objetivos. ""La Argentina tiene un problema de deuda, lo que tenemos que hacer es desendeudarnos"", evalu√≥.¬†""Y para poder desendeudarnos y poder pagar, lo que tenemos que hacer es acumular reservas. Y para acumular reservas, lo que tenemos que hacer es exporta, porque no hay otra forma de que ingresen d√≥lares"", desarroll√≥.¬†Agreg√≥ que ""para poder hacer eso tenemos que tener una divisas competitiva, un precio del d√≥lar competitivo que nos permita vender y entrar al mundo"".El Jefe de Estado asegur√≥ que un √∫ltimo objetivo es lograr el equilibrio fiscal. ""S√© que estoy diciendo esto en un momento donde la Argentina tiene que hacer una gran inversi√≥n fiscal, como todo el mundo, para sacar de la postraci√≥n en la que la pandemia dej√≥ a la econom√≠a"", aclar√≥.¬†Sin embargo, prometi√≥: ""El objetivo no es vivir con¬†d√©ficit, es superarlo y habr√° que trabajar para eso, pero no es este el momento"".

Mir√° tambi√©n










Mir√° tambi√©n

Alberto Fern√°ndez presentar√° la reforma judicial este viernes y dejar√° los cambios en la Corte para m√°s adelante




AFG¬†



COMENTARIOS




























TEMAS QUE APARECEN EN ESTA NOTA


Alberto Fern√°ndezDeuda Externa√öltimas Noticias





 COMENTARIOS CERRADOS POR PROBLEMAS T√âCNICOS.
ESTAMOS TRABAJANDO PARA REACTIVARLOS EN BREVE.








 Comentarios







CARGANDO COMENTARIOS






Clar√≠n
Para comentar deb√©s activar tu cuenta haciendo clic en el e-mail que te enviamos a la casilla 
¬øNo encontraste el e-mail? Hace clic ac√° y te lo volvemos a enviar.


Ya la active


Cancelar




Clar√≠n
Para comentar nuestras notas por favor complet√° los siguientes datos.





Nombre



Apellido



Guardar


Cancelar









","En el Consejo de las Am√©ricas, Alberto Fern√°ndez les pidi√≥ a los bonistas: ‚ÄúAyuden a la Argentina a salir de esta postraci√≥n‚Äù",https://clarin.com/politica/vivo-alberto-fernandez-expone-consejo-americas_0_H7wXQ17mP.html
"
Alberto √Ångel Fern√°ndez‚Äã crane√≥, a poco de asumir como Presidente de la Naci√≥n, una reforma de la Justicia federal. Lo hizo¬†en el mismo diciembre de 2019, para ordenar el funcionamiento de ese poder al que criticaba diciendo que ‚Äúlo que pasa ah√≠ es un estropicio‚Äù.Su idea inicial era que avanzara en las sesiones extraordinarias del verano del¬†¬†Congreso de la Naci√≥n, cuando su administraci√≥n gener√≥ acciones como la¬†Ley de Emergencia. Pero la discusi√≥n sobre los cambios en la Justicia se demoraron. Primero, porque el kirchnerismo quiso terciar en esa reforma y luego, por la llegada de la pandemia en marzo.

 Para el cambio en la Justicia, el Dr. Fern√°ndez se puso a trabajar el tema personalmente¬†en su computadora.¬†Aupado en que asegura conocer como pocos los temas de Justicia (sigue con sus clases como profesor de Derecho Penal en la UBA), consult√≥ el tema b√°sicamente con tres personas: primero, con¬†Marcela Losardo, su ministra de Justicia¬†y con quien comparti√≥ estudio jur√≠dico desde que ambos salieron de la facultad. Luego, con¬†Gustavo B√©liz, una de las pocas personas que influencian en la opini√≥n del Presidente, y a quien escucha sobre diversos asuntos de Estado, desde los del poder judicial o el asunto de los servicios de inteligencia, como la relaci√≥n con los medios, los empresarios o la Iglesia. 

Mir√° tambi√©n

Mir√° tambi√©n

Alfredo Cornejo y la reforma judicial: ‚ÄúEl Gobierno tiene un af√°n notable en frenar causas como Hotesur o Cuadernos‚Äù




A ellos se suma Vilma Lidia Ibarra, la poderosa secretaria Legal y T√©cnica, cuya palabra es determinante a la hora de definir proyectos del Ejecutivo y la mano que controla, con detalle, todo lo que firma el Presidente. Ibarra ha tenido voz y voto en el proyecto que finalmente llegar√° al Congreso de la Naci√≥n, entre el pr√≥ximo viernes o el lunes.Este martes, Losardo, B√©liz e Ibarra mantuvieron una larga reuni√≥n para definir los √∫ltimos detalles de la nueva norma ‚Äãque ingresar√° al Congreso por el Senado, la c√°mara que conduce Fern√°ndez de Kirchner.La reforma que ya concluyen -con celo extremo- estos tres funcionarios¬†es la que adelant√≥ Clar√≠n en diciembre √∫ltimo.¬†Pretende acelerar¬†la aplicaci√≥n del sistema penal acusatorio, en el cual quienes investigan son los fiscales, aprobado desde hace a√±os pero con una implementaci√≥n gradual. Adem√°s, el presidente busca sumar¬†m√°s jueces federales,¬†licuando as√≠ el poder de la docena actual de magistrados que se ocupan, centralmente, de las causas de corrupci√≥n y narcotr√°fico.Esta reforma determinar√°, casi con seguridad, que queden 46 jueces federales en los tribunales porte√±os, que resultan de la suma de los actuales¬†(12) m√°s los que hoy se desempe√±an en el¬†fuero penal econ√≥mico (11). Esa suma de 23 juzgados se duplicar√°n, para llegar a la cifra de 46 magistrados.No ‚Äãse unir√°n‚Äã al fuero, finalmente, los juzgados nacionales¬†porte√±os, como postulaba Gustavo B√©liz, quien perdi√≥ terreno pues propon√≠a un plan m√°s ambicioso en n√∫meros: planeaba llegar a 85 juzgados federales.





Los miembros de la Corte Suprema, en la asunci√≥n de Alberto Fern√°ndez. Foto Emmanuel Fernandez




Con esta reforma se apunta a trazar un nuevo mapa en Comodoro Py, el mote que recibieron los tribunales federales debido al nombre de la calle del barrio de Retiro donde est√° emplazada esa mole edilicia. Resta saber qu√© opinar√° la oposici√≥n de esta iniciativa, cuya letra es desconocida para los alfiles judiciales de Juntos por el Cambio,El presidente Fern√°ndez trabaj√≥ en este proyecto final de reforma judicial el √∫ltimo fin de semana, para terminar de definir los fundamentos. En esta iniciativa judicial no entrar√≠a la discusi√≥n sobre una eventual ampliaci√≥n de la Corte Suprema de Justicia.En ese tema¬†s√≠ talla la opini√≥n de Cristina Fern√°ndez de Kirchner, quien quiere un tribunal supremo con mayor cantidad de integrantes. La actual conformaci√≥n, con 5 jueces, es la ideal para el Presidente. ¬øC√≥mo se resolver√° esa diferencia? Con la conformaci√≥n de un consejo consultivo integrado por juristas, a quienes¬†el jefe de Estado convocar√° para que le den su parecer sobre posibles reformas en el √°mbito de la Justicia.Para eso, ya se lo vio en Olivos a Carlos Beraldi, abogado de la vicepresidenta en las causas sobre corrupci√≥n. Beraldi es la voz que Cristina autoriz√≥ para estas discusiones. Que el nombre del doctor Beraldi pueda ser integrante de este Consejo ser√≠a muy pol√©mico, pues es el representante legal de CFK, quien tiene ante la Justicia federal m√∫ltiples causas de corrupci√≥n, tal vez las m√°s escandalosas de un dirigente pol√≠tico en democracia.Otro nombre de peso que apareci√≥ para opinar de estos asuntos es la Le√≥n Carlos Arslanian, ex socio hist√≥rico de Beraldi y actual abogado de Ricardo Echegaray. Esta es una voz relevante para el peronismo y quien ocup√≥ cargos importantes: se destac√≥ por haber integrado el tribunal que en 1985 conden√≥ a los militares que gobernaron durante la dictadura militar en el llamado Juicio a las Juntas. Fue ministro de Justicia de la Naci√≥n con Carlos Menem y ministro de Justicia y Seguridad de la Provincia de Buenos Aires.

Mir√° tambi√©n










Mir√° tambi√©n

En la Corte Suprema sugieren que Cristina Kirchner quiere la ampliaci√≥n s√≥lo para salvarse ella




Como cont√≥ Clar√≠n, en la Corte creen que la ampliaci√≥n del M√°ximo Tribunal s√≥lo tiene como objetivo aliviar la situaci√≥n judicial de la ex presidenta.Otro asunto sobre este Consejo Consultivo es si formar√°n parte de √©l prestigiosos juristas o abogados en ejercicio de la profesi√≥n, quienes pueden tener intereses coyunturales que se crucen con los objetivos a analizar y ser consultados,Alberto Fern√°ndez presentar√° esta semana su reforma judicial con sus habituales cr√≠ticas a la Justicia actual y reiterar√° que, en los cuatro a√±os de gobierno de Mauricio Macri, fue un lugar donde se persigui√≥ a los opositores. ‚ÄúNo puede haber m√°s Bonadios‚Äù, era la consigna entre quienes dieron cuerpo a la reforma, en relaci√≥n al fallecido magistrado que¬†avanz√≥ fuertemente contra la ex Presidenta Fern√°ndez de Kirchner en Comodoro Py.



COMENTARIOS




























TEMAS QUE APARECEN EN ESTA NOTA


Alberto Fern√°ndezJusticiaMarcela LosardoPoder JudicialComodoro Py





 COMENTARIOS CERRADOS POR PROBLEMAS T√âCNICOS.
ESTAMOS TRABAJANDO PARA REACTIVARLOS EN BREVE.








 Comentarios







CARGANDO COMENTARIOS






Clar√≠n
Para comentar deb√©s activar tu cuenta haciendo clic en el e-mail que te enviamos a la casilla 
¬øNo encontraste el e-mail? Hace clic ac√° y te lo volvemos a enviar.


Ya la active


Cancelar




Clar√≠n
Para comentar nuestras notas por favor complet√° los siguientes datos.





Nombre



Apellido



Guardar


Cancelar









",Alberto Fern√°ndez presenta la reforma judicial y el cambio en la Corte queda para m√°s adelante,https://clarin.com/politica/alberto-fernandez-presentara-reforma-judicial-viernes-dejara-cambios-corte-adelante_0_2av-10iFB.html
"
""Jorge: vamos, vamos, que nos matan a todos"", es lo que habr√≠a dicho un vecino que vio la escena fatal. Jorge Adolfo R√≠os (70) dispar√≥ contra Franco Moreyra (26) y lo mat√≥ de un tiro en pecho despu√©s de que entrara a robar tres veces a su casa. La Justicia lo acusa de ""homicidio agravado"" porque Moreyra ya estaba a 60 metros de su propiedad, herido en una pierna y sin poder escapar. Para sus abogados segu√≠a en peligro porque desde un auto blanco y negro los c√≥mplices de ""Piolo"" Moreyra lo segu√≠an amenazando. Este martes presentar√°n testigos de una escena clave.

Lo que ocurri√≥ el viernes a la madrugada en la casa de R√≠os todav√≠a est√° en plena¬†investigaci√≥n. La fiscal√≠a pidi√≥ para el herrero jubilado la prisi√≥n preventiva al considerarlo sospechoso del delito de homicidio. 





Custodia policial en la casa del jubilado que mat√≥ a un ladr√≥n en Quilmes. Foto Maxi Failla.




La acusaci√≥n en su contra se fue agravando con tres cambios de car√°tula y pas√≥ de considerarse que actu√≥ en leg√≠tima defensa a ser sospechoso de homicidio. ¬øPor qu√©? Las c√°maras de seguridad de los vecinos fueron la clave. Para el fiscal Ariel Rivas la acci√≥n del robo ya hab√≠a terminado cuando R√≠os dispar√≥ contra Moreyra, que estaba herido e inmovilizado, a la vuelta de la casa, en el cord√≥n de la vereda. El herrero, que estaba golpeado y en shock, estuvo¬†detenido durante parte del viernes y el s√°bado. Cuando su familia pensaba que ser√≠a liberado, el Juzgado de Garant√≠as N¬∞ 2 orden√≥ su prisi√≥n preventiva y lo mantuvo en un calabozo de la comisar√≠a. Hasta el lunes, que sufri√≥ una descompensaci√≥n por un problema card√≠aco y tuvo que ser atendido en un hospital. As√≠ lograron la prisi√≥n domiciliaria y ahora est√° refugiado en la casa de un familiar: ""Ni yo s√©¬†d√≥nde est√°"", reconoci√≥ su abogado. 





El jubilado Jorge R√≠os (70) fue golpeado por los ladrones y qued√≥ detenido por matar a uno de ellos, en Quilmes.




 R√≠os no declar√≥, por lo que su versi√≥n de los hechos reci√©n se conoci√≥ cuando sus hijos pudieron contar lo que hab√≠a padecido. Durante la madrugada del viernes este grupo de ladrones entr√≥ a su casa en tres oportunidades. La √∫ltima fue la m√°s violenta: golpearon al herrero, lo amenazaron con una faca y lo arrastraron en el suelo.¬†La vecina de la casa lindera, por la que entraron tres veces a robar a la de R√≠os, ser√° una de las testigos de que ofrecer√° la defensa, m√°s otros dos que escucharon los gritos y presenciaron la escena fatal. 

Mir√° tambi√©n










Mir√° tambi√©n

‚ÄúNo lo mat√≥ un ladr√≥n, pero lo va a matar la Justicia‚Äù, dice la familia del jubilado preso




La mujer, llamada Estela, vive medianera de por medio con la casa del jubilado. A trav√©s de su casa es que saltaron a la de R√≠os. Seg√∫n la familia, intent√≥ advertirle grit√°ndole para que los asaltantes no entraran a la suya. Otro vecino habr√≠a visto parte de la escena final: ""El vecino le dijo: 'Jorge vamos, vamos, que nos matan a todos' porque ve√≠a a los cuatro c√≥mplices en el auto blanco. Se ve claro en el video c√≥mo van y vienen, lo estaba esperando el resto de la banda. Para nosotros eso muestra que todav√≠a estaban en peligro"", adelant√≥ a Clar√≠n el abogado Marino Cid Aparicio.





El auto blanco y negro en el que huyeron los c√≥mplices de Franco ""Piolo"" Moreyra, en Quilmes.




Con esos testimonios y el resultado de las pericias pendientes, la defensa del herrero buscar√° que la car√°tula regrese a ""exceso en leg√≠tima defensa"" pero antes pedir√°n la falta de m√©rito.Mientras tanto, el jubilado ""sigue en shock"", ""llora todo el tiempo"", dijo Gabriela, su hija, a los medios que este martes se apostaron frente a la casa, custodiada por una divisi√≥n de la Bonaerense, En di√°logo con Clar√≠n, otro de sus hijos, Federico, cont√≥ que su pap√° volvi√≥ a descompensarse y tuvo que ser atendido nuevamente por los m√©dicos. 





Franco ""Piolo"" Moreyra (26) muri√≥ al ser baleado por un jubilado al que quiso robarle, en Quilmes.




""Lo √∫nico que espero es que llegue con vida al juicio oral porque si no lo mataron los ladrones lo va a matar la Justicia"", insisti√≥ el abogado¬†Cid Aparicio. Si bien el ministro de Seguridad de la Provincia de Buenos Aires, Sergio Berni‚Äã, critic√≥ la decisi√≥n judicial y manifest√≥ su apoyo al jubilado, la Polic√≠a bonaerense a√∫n no ha¬†identificado al resto de la banda, no hubo detenidos ni encontraron el Fiat blanco con el cap√≥ negro en el que circulaban a cuatro d√≠as del hecho.





El jubilado Jorge R√≠os (70) fue golpeado por los ladrones y qued√≥ detenido por matar a uno de ellos, en Quilmes.




En di√°logo con Radio con Vos, Berni dijo: ""Hay una situaci√≥n que tengo clara: el se√±or (Jorge) R√≠os esa ma√±ana no se levant√≥ con ganas de matar a nadie. Esos cinco delincuentes, en cambio, salieron dispuestos a hacer da√±o. Lo invadieron y lo torturaron. No digo que sea culpable o inocente, pero hay que entenderlo, ayudarlo y acompa√±arlo"".En tanto, familiares y amigos de Franco ""Piolo"" Moreyra se presentaron el lunes por la noche en la casa de R√≠os para amedrentar a su familia: ""Mi hijo se qued√≥ sin pap√° por su culpa"", grit√≥ una mujer al m√≥vil de A24.¬†""Piolo"" Moreyra era de barrio La Vera, un asentamiento cercano a la casa del jubilado y se hac√≠a ver con integrantes de la barra del club Quilmes. 

Mir√° tambi√©n

Mir√° tambi√©n

Sergio Berni: ‚ÄúParece que la Justicia est√° m√°s preocupada por defender los derechos de los delincuentes‚Äù




Cuando trascendi√≥ su apodo, varias personas decidieron usar redes sociales para hostigar a la familia del fallecido y¬†dejar mensajes de odio o comentarios racistas en los posteos que su familia hizo para despedirlo.¬†¬†GL - EMJ



COMENTARIOS




























TEMAS QUE APARECEN EN ESTA NOTA


InseguridadProvincia De Buenos AiresQuilmes





 COMENTARIOS CERRADOS POR PROBLEMAS T√âCNICOS.
ESTAMOS TRABAJANDO PARA REACTIVARLOS EN BREVE.








 Comentarios







CARGANDO COMENTARIOS






Clar√≠n
Para comentar deb√©s activar tu cuenta haciendo clic en el e-mail que te enviamos a la casilla 
¬øNo encontraste el e-mail? Hace clic ac√° y te lo volvemos a enviar.


Ya la active


Cancelar




Clar√≠n
Para comentar nuestras notas por favor complet√° los siguientes datos.





Nombre



Apellido



Guardar


Cancelar









","‚ÄúJorge, vamos, que nos matan a todos‚Äù, el testimonio clave en el caso del jubilado que bale√≥ a un ladr√≥n",https://clarin.com/policiales/-jorge-vamos-matan-testimonio-clave-caso-jubilado-mato-ladron_0_HkptBZbvE.html
"
Un piloto hist√≥rico del Turismo Carretera, con m√°s 200 participaciones dentro de la categor√≠a, dio positivo de coronavirus. Se trata de Christian Dose, quien se realiz√≥ este martes un hisopado, que¬†arroj√≥ que se contagi√≥ de¬†Covid‚Äì19.‚ÄúMe llamaron hoy a las 10 de la ma√±ana para decirme que era positivo. Considero que lo peor ya pas√≥ y fue el pico de fiebre que tuve en la madrugada del domingo. Ahora estoy con leve dolor de cabeza. Muscularmente me duele a la altura de la cadera pero en l√≠neas generales estoy bien. Me da bronca la situaci√≥n porque yo nunca tuve nada. Jam√°s me enferm√© y me toco en esta‚Äù, le expres√≥ Dose al sitio web de Carburando.

Y concluy√≥:¬†‚ÄúPara esto que estamos viviendo sirve, y de mucho, estar bien f√≠sicamente, no haber tomado y no haber fumado. Tener un cuerpo sano es clave. Si est√°s bien la luch√°s como si fuese una gripe fuerte‚Äù.

Mir√° tambi√©n










Mir√° tambi√©n

Coronavirus en M√©xico: un hospital pone en peligro la realizaci√≥n del Gran Premio de F√≥rmula 1




Dose, quien tiene 50 a√±os, lleg√≥ al Turismo Carretera en la temporada 2002 y lleva en la categor√≠a 206 carreras. En 2020 particip√≥ de¬†las dos fechas que llev√≥ a cabo la categor√≠a, en Viedma y Neuqu√©n,¬†antes que se decretara la cuarentena obligatoria por el Coronavirus.

Mir√° tambi√©n










Mir√° tambi√©n

La F√≥rmula 1 tiene dos casos de coronavirus, pero no peligra el Gran Premio de Hungr√≠a







COMENTARIOS




























TEMAS QUE APARECEN EN ESTA NOTA


AutomovilismoTurismo Carretera





 COMENTARIOS CERRADOS POR PROBLEMAS T√âCNICOS.
ESTAMOS TRABAJANDO PARA REACTIVARLOS EN BREVE.








 Comentarios







CARGANDO COMENTARIOS






Clar√≠n
Para comentar deb√©s activar tu cuenta haciendo clic en el e-mail que te enviamos a la casilla ",Un piloto hist√≥rico del Turismo Carretera tiene coronavirus,https://clarin.com/deportes/piloto-historico-turismo-carretera-coronavirus_0_LgJyN0LvL.html
"
Faltaban poco para las cinco de la madrugada del viernes √∫ltimo cuando cuatro ladrones se metieron a robar, por tercera vez esa noche, en la casa del jubilado Jorge Adolfo R√≠os (70), en Quilmes‚Äã. Un quinto c√≥mplice esperaba, de campana, en la vereda de la calle Ayolas al 2700.Las im√°genes de las c√°maras de seguridad reconstruyen toda la secuencia y tambi√©n la huida de los asaltantes. Salieron corriendo, uno a uno, al escuchar disparos, hasta que Franco Moreyra (26) salta desde adentro de la propiedad del herrero y cae. Luego corre con alguna dificultad hacia la misma direcci√≥n de sus c√≥mplices, hasta que vuelve a derrumbarse y desaparece de escena.

Pasan 15¬†segundos hasta que R√≠os aparece en escena, junto con su perra. Camina con su pistola Bersa Thunder 9 mil√≠metros¬†hacia donde cay√≥ herido Moreyra. Ambos se pierden de vista en las c√°maras. Seg√∫n el fiscal Ariel Rivas (UFI N¬∞ 1 de Quilmes), el delincuente se encontraba ""en estado de indefensi√≥n"" cuando el jubilado, que estaba conmocionado, adem√°s de tener lesiones en el rostro y los brazos, le dispara en el pecho tras un nuevo forcejeo.





El jubilado Jorge R√≠os (70) fue golpeado por los ladrones y qued√≥ detenido por matar a uno de ellos, en Quilmes.




El fiscal se bas√≥ en estas im√°genes para cambiar la calificaci√≥n de la causa y agravar la situaci√≥n penal de R√≠os, a quien mantuvo detenido en la comisar√≠a novena hasta este lunes. Seg√∫n el abogado Marino Cid Aparicio, que defiende al herrero, primero Rivas lo imput√≥ por leg√≠tima defensa privilegiada, que luego cambi√≥ a abuso de la leg√≠tima defensa y finalmente a una tercera car√°tula: homicidio simple, agravado por el uso de arma de fuego.El juez de Garant√≠as N¬∞ 2 de Quilmes, Mart√≠n Nolfi, le otorg√≥ el arresto domiciliario y el herrero pudo salir de su celda. Se fue a la casa de un familiar, cuyo destino se desconoce porque los allegados a ""Piolo"" Moreyra amenazaron con tomar venganza. Incluso llegaron a increparlos, el lunes a la noche, hasta afuera de la casa de la calle Ayolas.





Franco ""Piolo"" Moreyra (26) muri√≥ al ser baleado por un jubilado al que quiso robarle, en Quilmes.




Por eso, los hijos de R√≠os tomaron una decisi√≥n: poner en venta la propiedad, ahora con custodia de la Polic√≠a bonaerense‚Äã.¬†""La decisi√≥n es que esta casa ya no es nuestra"", sentenci√≥ Federico (35), el menor de los tres (sus hermanas Cecilia y Gabriela tienen 38 y 40 a√±os, respectivamente).Gabriela cont√≥ que la salud de su pap√° ""es muy fr√°gil"" y est√° ""en estado de shock"", que cada vez que habla ""se quiebra"" y que est√°n preocupados ya que le funciona ""un solo ri√±√≥n"".





El auto blanco y negro en el que huyeron los c√≥mplices de Franco ""Piolo"" Moreyra, en Quilmes.




""Siempre se mostr√≥ como un tipo fuerte, valiente, pero por dentro es una persona con una enfermedad cardiovascular y otras patolog√≠as"", dijo la mujer.La familia qued√≥ conforme con el arresto domiciliario, resuelta en base a su edad y a sus problemas de salud, pero los abogados Cid Aparicio y Hugo Icazati no se van a quedar con los brazos cruzados, ya que apuntan a que se reconfigure el caso como una leg√≠tima defensa, como plante√≥ este martes el ministro de Seguridad bonaerense, Sergio Berni.





Frente de la casa del jubilado que mat√≥ a un ladr√≥n en Quilmes. Foto Maxi Failla.




""Esto es un error judicial, no han hecho la evaluaci√≥n correcta desde la fiscal√≠a de lo que ha pasado. El √∫nico que estaba en estado de indefensi√≥n era este pobre hombre, rodeado por cinco barrabravas del club Quilmes. No lo mataron de milagro los delincuentes, no queremos que lo mate la Justicia"", expres√≥ Cid Aparicio.Seg√∫n indic√≥, los cuatro c√≥mplices de Moreyra escaparon ""en un Fiat (Uno) con los colores del club Quilmes (la carrocer√≠a blanca y el cap√≥ negro) y no llegaron a rescatar al ladr√≥n que estaba ca√≠do porque justo se interpuso otro auto que pas√≥"". Al menos dos de ellos fueron detenidos este martes.

Mir√° tambi√©n










Mir√° tambi√©n

Cambian la c√∫pula policial de la Bonaerense en Quilmes tras el fatal asalto al jubilado




Mientras tanto, Berni dispuso el relevo de las m√°ximas autoridades policiales en Quilmes por la ola de delitos. Seg√∫n explic√≥, lo decidi√≥ el mi√©rcoles √∫ltimo, durante una reuni√≥n con la intendenta Mayra Mendoza, y la medida se efectiviz√≥ en las √∫ltimas horas.EMJ



COMENTARIOS




























TEMAS QUE APARECEN EN ESTA NOTA


InseguridadQuilmes





 COMENTARIOS CERRADOS POR PROBLEMAS T√âCNICOS.
ESTAMOS TRABAJANDO PARA REACTIVARLOS EN BREVE.








 Comentarios







CARGANDO COMENTARIOS






Clar√≠n
Para comentar deb√©s activar tu cuenta haciendo clic en el e-mail que te enviamos a la casilla ",Video: la secuencia completa del asalto al jubilado que mat√≥ a un ladr√≥n en Quilmes,https://clarin.com/policiales/video-secuencia-completa-asalto-jubilado-mato-ladron-quilmes_0_jboYiCpL0.html
"
El Peugeot 504 es un modelo que permanece en el coraz√≥n del p√∫blico argentino. Tiene el r√©cord de ser el modelo que m√°s tiempo se fabric√≥ en nuestro pa√≠s, desde 1969 a 1999, con un total de¬†491.773 unidades producidas.Naci√≥ como un auto al que anhelaba acceder la clase media y que el tiempo lo convirti√≥ en uno de los modelos elegidos por los taxistas.





Pagaron 1 mill√≥n de pesos por un Peugeot 504.






Pero esta unidad en particular llam√≥ la atenci√≥n por varias cuestiones: la primera es su impecable estado de conservaci√≥n, la segunda es que fue vendida en los Estados Unidos durante una subasta y la tercera fue que pagaron el equivalente a m√°s de 1 mill√≥n de pesos por este ejemplar.

Mir√° tambi√©n










Mir√° tambi√©n

Encuentran un ex√≥tico Renault 12 el√©ctrico que hab√≠a sido usado por la NASA hace m√°s de 40 a√±os




Un comprador, del que no se conoci√≥ la identidad, termin√≥ pagando 14 mil d√≥lares¬†(equivalentes a 1.057.000 pesos)¬†por esta unidad, toda una rareza para el mercado estadounidense.Se trata de un Peugeot 504 de 1970 que se vendi√≥ como 0 km en New London, Connecticut, y permaneci√≥ con la familia del propietario original hasta 2017, cuando un segundo due√±o lo compr√≥.La carrocer√≠a est√° pintada con el Beige Cer√°mico original y en su interior de con tapizados y revestimientos en marr√≥n y negro.





Pagaron 1 mill√≥n de pesos por un Peugeot 504.




Su motor es un naftero de 1.796 cm3 y su caja de cambios es manual, de cuatro velocidades. Su estado original se ve alterado con las ruedas, ya que lleva llantas de 14"" que en realidad corresponden al 505.Los faros delanteros demuestran¬†su especificaci√≥n francesa, por el color amarillento que caracterizaba a los modelos del pa√≠s europeo. Tambi√©n cuenta con el techo solar que era rasgo inconfundible del Peugeot 504.

Mir√° tambi√©n










Mir√° tambi√©n

Volkswagen llama a revisi√≥n a m√°s de 47 mil autos en Argentina: cu√°l es la posible falla




Seg√∫n inform√≥ el sitio Bring a Trailer, en donde se publicit√≥ el modelo para la subasta, el vendedor le hizo algunas reparaciones en el motor y le puso un nuevo carburador.Los certificados de buena conservaci√≥n de este modelo que luce impecable lo ratifican con un registro de servicios escrito a mano del propietario original, los manuales de f√°brica¬†y un t√≠tulo de propiedad emitido por el estado de¬†California a nombre del vendedor.





Pagaron 1 mill√≥n de pesos por un Peugeot 504.




Por dentro luce un exquisito tablero de instrumentos Jaeger, con un veloc√≠metro escalado en millas por hora. All√≠ tambi√©n se aprecia el od√≥metro, expresado en millas, que exhibe su recorrido total: 80 mil millas, unos 136 mil kil√≥metros. 

Mir√° tambi√©n

Mir√° tambi√©n

Peugeot 208: as√≠ es el nuevo tablero 3D del pr√≥ximo auto de fabricaci√≥n nacional




El comprador del Peugeot 504, bajo el seud√≥nimo de¬†Mariposansy, se ve que tiene predilecci√≥n por los autos europeos, ya que en su historial de ofertas en esta plataforma aparecen pujas por un Peugeot 504 Coupe V6, por un Fiat 1300 y por dos Alfa Romeo Giulia Super.



COMENTARIOS




























TEMAS QUE APARECEN EN ESTA NOTA


Peugeot





 COMENTARIOS CERRADOS POR PROBLEMAS T√âCNICOS.
ESTAMOS TRABAJANDO PARA REACTIVARLOS EN BREVE.








 Comentarios







CARGANDO COMENTARIOS






Clar√≠n
Para comentar deb√©s activar tu cuenta haciendo clic en el e-mail que te enviamos a la casilla ",Pagan m√°s de 1 mill√≥n de pesos por un Peugeot 504 de 1970,https://clarin.com/autos/pagan-1-millon-pesos-peugeot-504-1970_0_ncwy4jczw.html
"
Tokio sigue firme con la preparaci√≥n para celebrar en 2021 los Juegos Ol√≠mpicos y Paral√≠mpicos‚Äã. Pero un impactante informe divulgado por Human Rights Watch (HRW), una organizaci√≥n no gubernamental dedicada a la investigaci√≥n, defensa y promoci√≥n de los derechos humanos, sacudi√≥ al deporte japon√©s y al mundo. Se denuncian abusos sexuales, f√≠sicos, ps√≠quicos y verbales en decenas de j√≥venes atletas de ese pa√≠s,¬†que derivaron en suicidios, depresi√≥n, discapacidades f√≠sicas y traumas cr√≥nicos.‚ÄãEl documento, titulado ""I Was Hit So Many Times I Can‚Äôt Count‚Äô: Abuse of Child Athletes in Japan"" (""Me golpearon tantas veces que perd√≠ la cuenta: el abuso de ni√±os deportistas en Jap√≥n), devela el uso habitual de los castigos f√≠sicos -conocidos como taibatsu- y¬†un historial de abusos hacia ni√±os atletas en las escuelas y federaciones y en los deportes de √©lite.¬†

Mir√° tambi√©n










Mir√° tambi√©n

Amy Tinkler, la precoz medallista ol√≠mpica brit√°nica que se retir√≥ por el trauma de los abusos






Los atletas que prestaron su testimonio para el estudio confesaron las distintas agresiones que sufrieron y que impactan por su gravedad:¬†golpes en la cara, patadas, lesiones con bates de b√©isbol o palos de bamb√∫ para kendo (un arte marcial japon√©s), privaci√≥n o exceso de agua y de comida, simulacros de ahogamiento, azotes con silbatos y raquetas, acoso verbal y hasta abusos sexuales.Los datos del reporte surgieron de una investigaci√≥n que recolect√≥ informaci√≥n brindada por¬†m√°s de 800 atletas y ex atletas de 50 deportes -entre ellos representantes ol√≠mpicos y paral√≠mpicos-, que contaron lo que vivieron cuando eran menores de edad. Algunos fueron entrevistados en persona y la mayor√≠a relat√≥ su experiencia a trav√©s de una encuesta online. Adem√°s, HRW tuvo charlas con federaciones deportivas, padres, entrenadores y funcionarios. 






""Todos en mi equipo experimentamos taibatsu. Yo jugaba al b√©isbol como lanzador. Mi entrenador me dijo que no me preocupaba lo suficiente por correr en los entrenamientos, as√≠ que me golpe√≥ en la cara frente a todos. Estaba sangrando, pero no dej√≥ de pegarme. Le dije que me estaba sangrando la nariz, pero no par√≥‚Äù, relat√≥¬†un¬†jugador profesional de 23 a√±os sobre su experiencia como beisbolista en una escuela de la regi√≥n de Kyushu. 
‚ÄúDurante d√©cadas, los ni√±os en Jap√≥n han sido golpeados brutalmente y han sufrido abusos verbales en nombre de trofeos y medallas‚Äù, dijo¬†@MinkysHighjinks El nuevo informe de @hrw_espanol denuncia la cultura de abusos en el deporte japon√©s. L√©elo aqu√≠ üëâ https://t.co/qPxadzhRhl pic.twitter.com/EqIBMSyT39‚Äî Human Rights Watch (@hrw_espanol) July 20, 2020


""No me acuerdo nunca recibir un elogio de mi entrenador. Todos los d√≠as pensaba c√≥mo evitar que mi entrenador me pegara. Nunca pens√© que el v√≥leibol fuera divertido. Odiaba este deporte cuando era jugadora"", afirm√≥ Naomi Masuko, ex estrella del seleccionado japon√©s. La ex jugadora de 54 a√±os, quien¬†en 2013 fund√≥ un torneo de v√≥leibol que proh√≠be el abuso de los entrenadores,¬†cont√≥ que despu√©s de su retiro¬†habl√≥ con su entrenador sobre lo que hab√≠a sufrido de chica. ""√âl me dijo que para su generaci√≥n hab√≠a sido peor. Ah√≠ entend√≠ que esta es una experiencia en cadena, es un ciclo. Y que es nuestro trabajo romper esa cadena"", afirm√≥. 





Masuko, ex estrella del seleccionado femenino japon√©s, junto a los jugadores del torneo de v√≥leibol que cre√≥ en 2013. All√≠ est√°n prohibidos los abusos por parte de los entrenadores.




Otra deportista de elite de 20 a√±os cont√≥ el abuso sexual que sufri√≥ por parte de su entrenador. ""Despu√©s de los entrenamientos, me ped√≠a que me reuniera con √©l en su oficina, donde me hac√≠a desnudar¬†y me tocaba todo el cuerpo, dici√©ndome que era para darme un 'tratamiento'. Siempre sent√≠a ganas de vomitar. Su olor, sus manos, sus ojos, su cara, su voz... Odiaba todo de √©l"", record√≥ la atleta. ""Utilizamos una gorra para jugar waterpolo. Los entrenadores nos sacaban de la pileta tirando de la correa de la gorra, ahog√°ndonos. Otro castigo era empujarnos bajo el agua para que no pudi√©ramos respirar. Es como el Ej√©rcito. Los ni√±os m√°s peque√±os no eran tan buenos. Se asustaban y abandonaban el deporte"", explic√≥ un ex jugador de waterpolo de 20 a√±os.

Mir√° tambi√©n










Mir√° tambi√©n

Entrenar hasta sangrar, golpes con palos y encierros en armarios: as√≠ abusaban de las gimnastas brit√°nicas




Del total de atletas que completaron el cuestionario de HRW, hubo 381 menores de 24 a√±os. El 19 por ciento indic√≥¬†que hab√≠a sufrido abuso f√≠sico por parte de sus entrenadores. El 18 por ciento denunci√≥ abuso verbal. Y el 5 por ciento asegur√≥ haber sido v√≠ctima de abusos sexuales. La inmensa mayor√≠a report√≥ que no hubo castigos ni consecuencias para los entrenadores abusadores. El 25 por ciento fue¬†forzado¬†a comer ""de forma excesiva""¬†y a un 22 por ciento se le¬†oblig√≥ a entrenar cuando estaban lesionados o fueron ""castigados con entrenamiento excesivo"".

Mir√° tambi√©n










Mir√° tambi√©n

Un gimnasta de renombre mundial, acusado de abuso sexual de menores




""Durante d√©cadas, los ni√±os en Jap√≥n han sido golpeados brutalmente y han sufrido abusos verbales en nombre de trofeos y medallas"", asegur√≥ Minky Worden, directora de iniciativas globales de HRW. Y agreg√≥: ""Conforme Jap√≥n se prepara para organizar los Juegos Ol√≠mpicos y Paral√≠mpicos en Tokio en julio de 2021, la atenci√≥n mundial que generar√°n esas citas brinda una oportunidad √∫nica para cambiar las leyes y pol√≠ticas de ese pa√≠s con el fin de proteger a millones de ni√±os atletas"". El informe publicado por esa organizaci√≥n no hizo m√°s que volver a poner en el ojo de la tormenta una problem√°tica que no es nueva ni tampoco desconocida en Jap√≥n. El¬†castigo corporal (taibatsu) es una t√©cnica muy usada por los entrenadores y vista por algunos como una herramienta esencial para desarrollar una personalidad fuerte y para alcanzar la excelencia como deportista. 
Jap√≥n: abuso infantil en busca de medallas ol√≠mpicas https://t.co/ItmE48erFC‚Äî Human Rights Watch (@hrw_espanol) July 20, 2020


En los √∫ltimos a√±os hubo varios casos que llevaron la atenci√≥n sobre este problema. En 2012, un jugador de b√°squetbol de 17 a√±os de Osaka se suicid√≥ luego de haber sufrido repetidamente abusos f√≠sicos por parte de su director t√©cnico. Poco despu√©s, en la previa de los Juegos Ol√≠mpicos de Londres 2012, el entrenador del seleccionado femenino de judo fue forzado a renunciar luego de que 15 atletas lo denunciaran por violencia f√≠sica. En 2018, se hizo p√∫blico un video en el que se ve√≠a a un coach de b√©isbol de una escuela secundaria golpeando y pateando repetidamente a sus jugadores. Ese mismo a√±o, se conoci√≥ el suicidio de Tsubasa Araya, un jugador de v√≥leibol de 17 a√±os. Seg√∫n sus padres, la violencia verbal que sufr√≠a por parte de su entrenador lo llev√≥ a terminar con su vida. Cuando en 2013 Tokio encar√≥ el √∫ltimo tramo de su campa√±a para ser elegida sede de los Juegos Ol√≠mpicos y Paral√≠mpicos de 2020, Jap√≥n se comprometi√≥ a introducir reformas para eliminar el taibatsu y la violencia en el deporte. En abril de ese a√±o, el Comit√© Ol√≠mpico de Jap√≥n¬†y otras cuatro grandes organizaciones deportivas niponas firmaron una declaraci√≥n en la que reconocieron la existencia del problema y prometieron tomar medidas para erradicar los abusos. 

Mir√° tambi√©n










Mir√° tambi√©n

Conmoci√≥n por el suicidio de una triatleta que hab√≠a denunciado el brutal maltrato de sus entrenadores




Sin embargo, seg√∫n el reporte de HRW, muchas de las reformas que se plantearon en 2013 nunca fueron implementadas. Y que las que se pusieron en pr√°ctica son m√°s¬†""pautas y gu√≠as opcionales"" que¬†reglas obligatorias. Tampoco se llevan¬†informes oficiales de las denuncias realizadas ni estad√≠sticas de los abusos, y el progreso de la situaci√≥n no est√° siendo monitoreado por ning√∫n organismo oficial. ""Las federaciones deportivas en Jap√≥n tienen permitido establecer sus propios sistemas para rastrear el abuso y sus responsables, algo que muchos simplemente eligen no hacer. Esto expone a los ni√±os a riesgos inaceptables y deja a los padres y atletas con pocas opciones para presentar quejas o buscar remedios contra abusadores poderosos"", se√±al√≥ Kanae Doi, directora de Jap√≥n de esa organizaci√≥n de derechos humanos.A casi un a√±o exacto del comienzo de la fiesta ol√≠mpica en Tokio, Human Rights Watch encendi√≥ una alarma y llam√≥ a Jap√≥n a introducir cambios significativos y a encabezar la lucha mundial contra la violencia y los abusos en el deporte. ""Si Jap√≥n act√∫a ahora,¬†puede servir como ejemplo"", afirm√≥ Worden. La respuesta leve del Comit√© Ol√≠mpico InternacionalEl Comit√© Ol√≠mpico Internacional‚Äã emiti√≥ un comunicado en el que admiti√≥ tener conocimiento del informe presentado por Human Rights Watch y ratific√≥ su compromiso en la lucha contra el abuso y la violencia en el deporte. Aunque no hubo una cr√≠tica ni menci√≥n especial al caso de Jap√≥n, ni el anuncio de alguna medida excepcional para luchar con la problem√°tica. 

Mir√° tambi√©n










Mir√° tambi√©n

Seis exnadadoras demandan a USA Swimming por no protegerlas de los abusos sexuales que sufrieron en la d√©cada del 80




""El COI se compromete a liderar y apoyar al Movimiento Ol√≠mpico en la implementaci√≥n de medidas para proteger a los atletas de cualquier forma de abuso. El Equipo de Protecci√≥n de nuestra organizaci√≥n est√° en contacto regular con los Comit√©s Ol√≠mpicos Nacionales (CON), incluido el Comit√© Ol√≠mpico Japon√©s, para ofrecer asesoramiento y apoyo y compartir las iniciativas disponibles para proteger a los atletas en los Juegos Ol√≠mpicos y los Juegos Ol√≠mpicos de la Juventud"", asegur√≥ en el comunicado. Y agreg√≥: ""El COI se une a los atletas para afirmar que el abuso de cualquier tipo es contrario a los valores del Olimpismo, que exige el respeto de todos en el deporte"".HS



COMENTARIOS




























TEMAS QUE APARECEN EN ESTA NOTA


Juegos Ol√≠mpicosAbuso SexualJuegos Ol√≠mpicos Tokio 2020Abuso De MenoresComit√© Ol√≠mpico InternacionalComit√© Paral√≠mpico Internacional





 COMENTARIOS CERRADOS POR PROBLEMAS T√âCNICOS.
ESTAMOS TRABAJANDO PARA REACTIVARLOS EN BREVE.








 Comentarios







CARGANDO COMENTARIOS






Clar√≠n
Para comentar deb√©s activar tu cuenta haciendo clic en el e-mail que te enviamos a la casilla 
¬øNo encontraste el e-mail? Hace clic ac√° y te lo volvemos a enviar.


Ya la active


Cancelar




Clar√≠n
Para comentar nuestras notas por favor complet√° los siguientes datos.





Nombre



Apellido



Guardar


Cancelar









","El deporte japon√©s, en la mira: denuncian abusos sexuales, f√≠sicos y ps√≠quicos, con suicidios, depresi√≥n y traumas cr√≥nicos",https://clarin.com/deportes/deporte-japones-mira-denuncian-abusos-sexuales-fisicos-psiquicos-suicidios-depresion-traumas-cronicos_0_KtcS4XdJT.html
"
‚ÄúSolo el 11,2% de las mujeres en edad jubilatoria -entre 55 y 59 a√±os- cuentan con m√°s de 20 a√±os de aportes‚Äù, seg√∫n un informe de la Direcci√≥n Nacional de Econom√≠a, Igualdad y G√©nero del Ministerio de Econom√≠a. Esto significa que al cumplir los 60 a√±os, y si re√∫nen los 30 a√±os aportes de aportes, solo 1 de cada 10 mujeres podr√° jubilarse.Seg√∫n el INDEC, las mujeres entre 55 y 59 a√±os suman 1.095.777. De ese total, de acuerdo a los registros de la Seguridad Social nacional, 122.846 cuentan con m√°s de 20 a√±os de aportes y si contin√∫an aportando¬†en los pr√≥ximos a√±os podr√≠an reunir los requisitos de edad (60 a√±os) y a√±os de aportes (30 a√±os).








El resto, aunque tienen aportes, est√°n lejos de reunir en los pr√≥ximos a√±os los 30 a√±os requeridos. Por ejemplo, otras 147.738 mujeres re√∫nen entre 10 y 20 a√±os de aportes. Tambi√©n hay¬†348.954 con menos de 10 a√±os de contribuciones. Y se completa esta franja de mujeres con aportes en reg√≠menes provinciales o que carecen de aportes.

Mir√° tambi√©n










Mir√° tambi√©n

Jubilados, IFE, AUH y Tarjeta Alimentar: qui√©nes cobran este martes 21 de julio y c√≥mo seguir√° el cronograma de ANSES




De aqu√≠ se desprende que, aunque m√°s de 950.000 mujeres de entre 55 y 59 a√±os empiecen o sigan aportando, no alcanzar√°n a reunir los requisitos jubilatorios, salvo si justifican los a√±os faltantes a trav√©s de una moratoria.Las mujeres que no puedan jubilarse a los 60 a√±os deber√°n esperar hasta tener los 65 a√±os para acceder a la PUAM (Pensi√≥n Universal para el Adulto Mayor). En ese caso cobrar√°n un haber equivalente al 80% del haber m√≠nimo (hoy $ 13.491), al margen de la cantidad de a√±os que hayan aportado al sistema.El Informe oficial dice que ‚Äúen la actualidad, el 85% de las trabajadoras que se jubilan lo hace a trav√©s de una moratoria. De este modo, las moratorias previsionales son la principal v√≠a de acceso de las mujeres a la jubilaci√≥n‚Äù. Y se√±ala que ‚Äúcuando se observa el conjunto de las personas que accede a una jubilaci√≥n con moratoria, el 87,2% se corresponde con los haberes m√≠nimos y el 67,3% de quienes perciben las jubilaciones m√≠nimas son mujeres. Esto genera una brecha de ingresos jubilatorios entre varones y mujeres que alcanza el 34%‚Äù.

Mir√° tambi√©n










Mir√° tambi√©n

Aunque rige una moratoria, hay 240.000 mujeres entre 60 y 65 a√±os que no pueden jubilarse




Como explic√≥ Clar√≠n, la moratoria vigente ‚Äìley 26.970- para las mujeres es limitada. Permite acogerse a la moratoria hasta julio de 2022 pero por los aportes no ingresados anteriores a diciembre de 2003, denominada ‚Äúfecha de corte‚Äù. Esto significa que a medida que transcurren los a√±os, las mujeres pueden regularizar por moratoria menos a√±os faltantes y necesitan contar con m√°s a√±os de aportes realizados a partir de 2004.Por ejemplo, una mujer de 60 a√±os, que naci√≥ en 1960, tuvo 18 a√±os en 1978, cuando pudo empezar a tener aportes previsionales. As√≠ hasta diciembre de 2003 podr√≠a completar por moratoria 25 √≥¬†26 a√±os de aportes, y necesitar√≠a 4 o 5 a√±os de aportes posteriores a 2003 para alcanzar los 30 a√±os requeridos. Y aunque ahora comience a aportar como monotributista no llegar√° antes de 2022 a reunir los 30 a√±os de aportes.En tanto, una mujer que cumpla 60 a√±os en 2021, podr√≠a justificar 24 √≥¬†25 a√±os por moratoria y necesitar√≠a para jubilarse tener 5 √≥ 6 a√±os de aportes posteriores a 2003. Y un a√±o m√°s de aportes, si naci√≥ en 2022.

Mir√° tambi√©n










Mir√° tambi√©n

Aumentos de jubilaciones: la ANSeS impulsa un proyecto de movilidad que toma como referencia los salarios y la recaudaci√≥n




Por lo altos niveles de desempleo y la alta informalidad entre las mujeres, son mayor√≠a las que pueden tener aportes hechos hasta 2003, pero no despu√©s de esa fecha. En consecuencia, no pueden jubilarse recurriendo a la moratoria, aunque cuenten con 15 √≥¬†20 a√±os de aportes anteriores a diciembre de 2003.En todos los casos, una condici√≥n para que ANSeS acepte la regularizaci√≥n es que se supere el ""an√°lisis de vulnerabilidad del socio-econ√≥mico"" que incluye par√°metros b√°sicamente de ingresos y bienes, como auto o inmuebles.AQ



COMENTARIOS




























TEMAS QUE APARECEN EN ESTA NOTA


Jubilados





 COMENTARIOS CERRADOS POR PROBLEMAS T√âCNICOS.
ESTAMOS TRABAJANDO PARA REACTIVARLOS EN BREVE.








 Comentarios







CARGANDO COMENTARIOS






Clar√≠n
Para comentar deb√©s activar tu cuenta haciendo clic en el e-mail que te enviamos a la casilla 
¬øNo encontraste el e-mail? Hace clic ac√° y te lo volvemos a enviar.


Ya la active


Cancelar




Clar√≠n
Para comentar nuestras notas por favor complet√° los siguientes datos.





Nombre



Apellido



Guardar


Cancelar









",Solo una de cada 10 mujeres entre 55 y 59 a√±os podr√° jubilarse al cumplir los 60,https://clarin.com/economia/economia/solo-10-mujeres-55-59-anos-podra-jubilarse-cumplir-60_0_As_r28czW.html
"
Freddie Mercury y Lady Di¬†-la princesa¬†Diana Spencer- se convirtieron, por sus historias de vida y otras situaciones particulares, en verdaderas leyendas de estos tiempos.Ahora, se conoci√≥ una an√©cdota en com√∫n que los une a√∫n m√°s y muestra la esencia de ambos y la complicidad compartida.La historia, cuenta el diario brit√°nico The Sunday Times, hab√≠a empezado a circular como un mito urbano¬†y con nuevas afirmaciones¬†pudo reafirmarse.





Freddie Mercury fue amado por miles de fans y desaf√≠o su √©poca.






Mir√° tambi√©n










Mir√° tambi√©n

Freddie Mercury: publican una foto in√©dita que impacta a sus fan√°ticos




Resulta que una noche ambos decidieron ir a un pub gay y para que nadie reconociera a Lady Di, la estrella de Queen la ayud√≥ a disfrazarse de hombre.Seg√∫n la confirmaci√≥n de la actriz Cleo Rocos en su libro de memorias ""The Power of Positive Drinking"" (""El poder de la bebida positiva"") , la princesa de Gales ten√≠a en ese momento 27 a√±os y ya era madre de los pr√≠ncipes William y Harry.Rocos cuenta en el libro que Mercury y el comediante Kenny Everett vistieron a Diana con anteojos negros de sol, gorro y una campera militar para que pudiera ingresar de inc√≥gnito al Royal Vauxhall Tavern, en el sur de Londres.""Ella sinti√≥ haberse vuelto invisible¬†y eso le encant√≥"", cont√≥ Rocos.





Lady Di, la princesa de corazones, inolvidable y con estilo propio.




Mercury, seg√∫n cuenta la nota de The Sunday Times, apoy√≥ en todo momento la travesura de Lady Di.""Dejen que la princesa se divierta un poco"", dijo.Seg√∫n cont√≥ la actriz, la presencia de Mercury y Everett desvi√≥ la atenci√≥n de los presentes y la princesa pudo tomar su trago sin ser reconocida.La salida dur√≥ solo un rato y el relato, para siempre¬†.

Mir√° tambi√©n










Mir√° tambi√©n

Freddie Mercury y el video in√©dito que es furor en redes sociales







COMENTARIOS




























TEMAS QUE APARECEN EN ESTA NOTA


Lady DiFreddie Mercury





 COMENTARIOS CERRADOS POR PROBLEMAS T√âCNICOS.
ESTAMOS TRABAJANDO PARA REACTIVARLOS EN BREVE.








 Comentarios







CARGANDO COMENTARIOS






Clar√≠n
Para comentar deb√©s activar tu cuenta haciendo clic en el e-mail que te enviamos a la casilla ",Freddie Mercury y Lady Di: la historia sobre la maravillosa noche que compartieron,https://clarin.com/internacional/espectaculos/freddie-mercury-lady-di-historia-maravillosa-noche-compartieron_0_fp2ok6EWL.html
"
La vicepresidenta y ex mandataria, Cristina Kirchner, apoy√≥ este lunes a trav√©s de Twitter la estrategia del ministro de Econom√≠a, Mart√≠n Guzm√°n, en la renegociaci√≥n de la deuda. ""Mart√≠n Guzm√°n sobre la deuda externa. Clarito como el agua"", escribi√≥ la ex presidenta en Twitter y acompa√±√≥ el mensaje con un fragmento de una entrevista al funcionario.

La entrevista que record√≥ la vicepresidenta fue una que el ministro brind√≥ para el programa¬†""Verdad / Consecuencia"" (TN), donde¬†se refiri√≥ a la negativa de los grandes grupos de bonistas a la propuesta elevada por la Argentina.
Mart√≠n Guzm√°n sobre la deuda externa. Clarito como el agua. pic.twitter.com/y9jqmffxei‚Äî Cristina Kirchner (@CFKArgentina) July 21, 2020


En un video editado, aparecen algunas de las frases que dijo Guzm√°n durante la nota: ""Argentina en el a√±o 2016 volvi√≥ a acceder al mercado de cr√©dito internacional y empez√≥ a endeudarse a tasas del 7 % anual en d√≥lares. cuando el mundo pagaba tasas cercanas a 0"".El economista agreg√≥: ""Para poder pagar eso el pa√≠s tendr√≠a que haber crecido mucho. los acreedores sab√≠an que estaban tomando un riesgo. No hay deudores¬†irresponsable sin acreedores irresponsables"". 

Mir√° tambi√©n

Mir√° tambi√©n

Mart√≠n Guzm√°n: ‚ÄúHay un grupo de acreedores que no entiende las restricciones que tiene la Argentina‚Äù




""Lo que nosotros les estamos pidiendo no es que pierdan siquiera. es que ganen menos. Aceptar lo que ellos piden significa mas desempleo, m√°s angustia para la gente, tener que, por ejemplo, ajustar jubilaciones y eso es algo que no vamos a hacer. No queremos comprometernos con algo que no vamos a poder hacer. lo que buscamos es un compromiso que podamos cumplir"", afirm√≥.

Mir√° tambi√©n










Mir√° tambi√©n

Alfonso Prat Gay: ‚ÄúComo no hay plan econ√≥mico, los bonistas te llevan de las narices y te exigen m√°s‚Äù




De esta manera Cristina mostr√≥ su apoyo a la gesti√≥n de Guzm√°n en cuanto a la estrategia para renegociar la deuda. 

Mir√° tambi√©n










Mir√° tambi√©n

Alberto Fern√°ndez, sobre la contrapropuesta de los acreedores: ‚ÄúEs imposible que nos podamos mover de la √∫ltima oferta‚Äù




Este lunes el Presidente Alberto Fern√°ndez tambi√©n sali√≥ a hablar sobre la postura del Gobierno y dijo que ""es muy dif√≠cil hacer una oferta mejor"". Al tiempo que destac√≥ que ""es imposible que nos podamos mover de este √∫ltimo esfuerzo, que es un esfuerzo muy muy grande"", destac√≥.Fern√°ndez sostuvo que ese ""es el esfuerzo que nos pone al l√≠mite"", por lo que sentenci√≥: ""Lo que no queremos es que nosotros hagamos una oferta que ponga en riesgo a los sectores m√°s vulnerables de la Argentina"".AFG



COMENTARIOS




























TEMAS QUE APARECEN EN ESTA NOTA


Mart√≠n Guzm√°nDeudaCristina Kirchner√öltimas Noticias





 COMENTARIOS CERRADOS POR PROBLEMAS T√âCNICOS.
ESTAMOS TRABAJANDO PARA REACTIVARLOS EN BREVE.








 Comentarios







CARGANDO COMENTARIOS






Clar√≠n
Para comentar deb√©s activar tu cuenta haciendo clic en el e-mail que te enviamos a la casilla 
¬øNo encontraste el e-mail? Hace clic ac√° y te lo volvemos a enviar.


Ya la active


Cancelar




Clar√≠n
Para comentar nuestras notas por favor complet√° los siguientes datos.





Nombre



Apellido



Guardar


Cancelar









",Cristina Kirchner respald√≥ la estrategia de Mart√≠n Guzm√°n en la renegociaci√≥n de la deuda: ‚ÄúClarito como el agua‚Äù,https://clarin.com/politica/cristina-kirchner-respaldo-estrategia-martin-guzman-renegociacion-deuda-clarito-agua-_0_oVH-kfuXs.html
"
En plena pandemia de coronavirus‚Äã, en los sanatorios y cl√≠nicas privados de la Ciudad, m√°s del 80% de las camas llamadas ‚Äúcr√≠ticas‚Äù est√°n ocupadas, seg√∫n las cifras que maneja la filial porte√±a de la Sociedad Argentina de Terapia Intensiva (SATI).La misma entidad registra¬†que los hospitales p√∫blicos porte√±os tienen alrededor del 90% de ocupaci√≥n. Una cifra¬†mucho mayor a la difundida¬†el lunes a la noche en el √∫ltimo parte oficial, que indicaba un 65% en el √°rea metropolitana (AMBA) y un 55,6% en Naci√≥n.

‚ÄúEs una estad√≠stica que involucra varias decenas de servicios de terapia intensiva, pero no su totalidad‚Äù, aclara a Clar√≠n el doctor Arnaldo Rubin, miembro de la SATI y profesor de terapia intensiva de la Universidad de La Plata. Por cuestiones de confidencialidad, no puede mencionar a las cl√≠nicas que est√°n contempladas en el informe, pero comenta que incluye a las m√°s importantes de la Ciudad.‚ÄúEstamos en niveles que definitivamente son preocupantes. Es claro que hay un n√∫mero creciente de ocupaci√≥n en terapia intensiva. Si la enfermedad contin√∫a avanzando, y si se siguen tomando las medidas sanitarias que se han tomado, el colapso es probable‚Äù, dice Rubin.




Manual para convivir con un infectado de coronavirus
Mir√° el Especial 


Ante la consulta de cu√°ndo se podr√≠a alcanzar esa situaci√≥n l√≠mite, responde: ‚ÄúYo no s√© si se va a llegar al 100%, porque capaz ocurre un milagro y la gente deja de salir en la calle y se protege adecuadamente‚Äù.‚ÄúLo √∫nico que marca el ritmo de la enfermedad es el aislamiento. Y esto en vez de hacerse m√°s estricto, se est√° relajando‚Äù, lamenta Rubin, disconforme con las √∫ltimas medidas tomadas por el Gobierno. ‚ÄúCon la flexibilizaci√≥n va a ser peor. Yo no soy epidemi√≥logo, no soy sanitarista, pero desde la realidad que nosotros vemos en las terapias intensivas,¬†esto es muy dif√≠cil de entender‚Äù, remata.Su planteo coincide con el de Claudio Belocopitt, titular de la Uni√≥n Argentina de Entidades de Salud (UAS). ""La situaci√≥n en las entidades de salud privada es muy cr√≠tica, la ocupaci√≥n est√° muy alta‚Äù, dijo al canal de noticias TN. ‚ÄúHace tres semanas el sistema estaba funcionando al 65% de ocupaci√≥n y hoy en promedio est√° al 85%. La ocupaci√≥n est√° creciendo de manera muy veloz en los √∫ltimos d√≠as y eso tiene que ser un alerta para la poblaci√≥n"", detall√≥ Belocopitt. 

Mir√° tambi√©n

Mir√° tambi√©n

Coronavirus en la Ciudad de Buenos Aires: los enfermos leves recibir√°n el alta a los 10 d√≠as sin un nuevo testeo




Swiss Medical Group -empresa de la que Belocopitt es propietario- tiene una ocupaci√≥n del 75% en camas de terapia intensiva y del 90% en camas comunes. Esto incluye a todos los centros de salud que forman parte del grupo, como el Sanatorio de los Arcos, la Cl√≠nica y Maternidad Suizo Argentina, el Sanatorio Agote, la Cl√≠nica Olivos y la Cl√≠nica Zabala. Voceros de la compa√±√≠a aclaran que estos datos son aproximados, ya que la situaci√≥n es ‚Äúextremadamente din√°mica‚Äù.El sanatorio Sagrado Coraz√≥n, de la obra social OSECAC,¬†tiene¬†el 80% de las camas totales ocupadas, la mitad de ellas destinadas para casos Covid-19. En cuanto a las camas cr√≠ticas, la ocupaci√≥n alcanza al 75% y solo en un 15% de ellas hay personas con coronavirus. Fuentes de la compa√±√≠a consideran que la situaci√≥n es ‚Äúmanejable‚Äù, en la medida en que ‚Äúla gente mayor se siga cuidando‚Äù. En CEMIC, el 90% de las camas hospitalarias totales est√°n ocupadas. En cuanto a las unidades cr√≠ticas en adultos, la ocupaci√≥n es del 77%, m√°s de la mitad (60%) por pacientes con coronavirus.‚ÄúEstamos con un porcentaje de ocupaci√≥n creciente¬†desde hace una semana. Los pacientes cr√≠ticos y moderadamente cr√≠ticos van a crecer, solamente por la progresi√≥n de la enfermedad y porque la estad√≠a de los pacientes en UTI (unidades de terapia intensiva) est√° por encima de los 15 d√≠as y los pacientes de sala (m√°s moderados) est√°n entre 5 y 7 d√≠as‚Äù, comenta Hugo Magonza, director general del CEMIC.Magonza menciona varias medidas que tomaron. Por ejemplo, suspendieron¬†todas las actividades graves no urgentes, para evitar contagios y disponer de las camas. Adem√°s, desde el comienzo de la epidemia, crecieron un 50% en el n√∫mero de camas, particularmente las de moderada y baja complejidad.¬†En cuanto a las complejas, ‚Äúla posibilidad de crecer a√∫n m√°s es mucho m√°s dif√≠cil‚Äù, reconoce.

Mir√° tambi√©n










Mir√° tambi√©n

Coronavirus en Buenos Aires: con un tercio de los casos, cinco municipios del GBA empujaron el r√©cord de infectados




En el Sanatorio G√ºemes, la ocupaci√≥n de todas las camas (comunes y terapia intensiva) desde hace casi dos meses ronda el 90%. Aproximadamente la mitad de estos pacientes tienen coronavirus, entre los positivos y los que esperan el resultado del hisopado.Sin embargo, voceros de este centro m√©dico del barrio de Palermo ‚Äìque atiende 108 obras sociales y prepagas- aseguran que su funcionamiento ‚Äúnormal‚Äù es con alta ocupaci√≥n. ‚ÄúEs una situaci√≥n com√∫n en esta √©poca. El invierno del a√±o pasado funcionamos as√≠ todo el tiempo‚Äù, se√±alan.‚ÄúEl porcentaje de camas var√≠a dependiendo el horario. Por ejemplo, a la ma√±ana y hasta las 14 horas se dan las altas, se suelen liberar unas 20 o 30 camas, que se vuelven a ocupar en el transcurso del d√≠a‚Äù, detallan en el G√ºemes.Guillermo Lorenzo, vicepresidente de ADECRA, coincide con el factor estacional. ""En invierno las terapias intensivas siempre est√°n llenas, es el per√≠odo de pico de trabajo y cuando m√°s cuadros respiratorios hay‚Äù, explica. Y agrega que ‚Äúcomo estamos acostumbrados a trabajar al 100% en invierno, todos los inviernos, sabemos gestionar y dar de alta los pacientes apenas el cuadro lo permite‚Äù.‚ÄúDesde que el Covid-19 lleg√≥ a nuestro pa√≠s, e incluso desde antes, todas las instituciones privadas, que atienden a aproximadamente el 70% de la poblaci√≥n en el pa√≠s, se vienen preparando para este momento‚Äù, sigue Lorenzo. Y menciona diversas medidas que tomaron en el sector, como el aumento de la capacidad de camas, la contrataci√≥n de personal adicional, y la reducci√≥n en la cantidad de cirug√≠as mayores programadas.‚ÄúCada paso dado estuvo consensuado con las autoridades nacionales y de cada jurisdicci√≥n en la materia. Hemos recibido todo el apoyo y nos han escuchado cuando fuimos con reclamos para flexibilizar o modificar protocolos a medida que la pandemia avanzaba de etapas"", cierra Lorenzo.Qu√© pasa en las guardiasClar√≠n realiz√≥ una recorrida por distintas cl√≠nicas privadas de la Ciudad para averiguar cu√°l es la situaci√≥n en las guardias por el avance del Covid 19. Visit√≥¬†diez centros de salud de distintos barrios y no encontr√≥ evidencia de una saturaci√≥n de la atenci√≥n m√©dica.¬†""La situaci√≥n es bastante normal y no hay saturaci√≥n"", comentaron en el Centro M√©dicos de la prepaga Medicus, en la calle Azcu√©naga. Adem√°s, durante la recorrida¬†no se¬†encontr√≥ aglomeramiento de personas en las guardias, ni tampoco pacientes esperando en la calle. Una m√©dica del Instituto del Diagn√≥stico¬†asegur√≥ lo mismo: ""Por ahora la situaci√≥n es bastante normal, dentro de la¬†realidad que estamos viviendo. El pico a√∫n no lastim√≥ el servicio"", coment√≥. Una mujer que hab√≠a acompa√±ado a su marido al Sanatorio G√ºemes para tratarse de un c√°ncer cont√≥ que no sufri√≥ ninguna demora: ""Nos atendieron rapid√≠simo. No hubo ning√∫n problema. Est√°n respetando todos los turnos"". Otro hombre, que esperaba junto a su mujer embarazada en el Sanatorio Otamendi, tambi√©n sostuvo que no hab√≠a tenido problemas ni para ingresar a la cl√≠nica ni para que su mujer quedara internada. ""Por suerte, todo est√° saliendo bien"", explic√≥. Esta situaci√≥n de normalidad tambi√©n se vio en el Sanatorio Finochietto, en el Hospital Alem√°n, en Diagnostico Maip√∫ y en el Anchorena, donde no hab√≠a saturaci√≥n ni de las guardias ni en las camas para internaciones.Informe: Gonzalo Herman




Qu√© es el CoronavirusC√≥mo se contagia y c√≥mo son sus s√≠ntomas
Mir√° el especial 





DD



COMENTARIOS




























TEMAS QUE APARECEN EN ESTA NOTA


CoronavirusCoronavirus En Argentina





 COMENTARIOS CERRADOS POR PROBLEMAS T√âCNICOS.
ESTAMOS TRABAJANDO PARA REACTIVARLOS EN BREVE.








 Comentarios







CARGANDO COMENTARIOS






Clar√≠n
Para comentar deb√©s activar tu cuenta haciendo clic en el e-mail que te enviamos a la casilla ",Coronavirus en Argentina: es alta la ocupaci√≥n de camas en las cl√≠nicas privadas y advierten que el colapso ‚Äúes probable‚Äù,https://clarin.com/sociedad/coronavirus-argentina-alta-ocupacion-camas-clinicas-privadas-advierten-colapso-probable-_0_Fji6higMe.html
"
En Espa√±a sigue el conflicto y la temperatura sube con el pasar de las horas. Luego de que se levantaran muchas voces en tono de enojo y queja por la postergaci√≥n del partido entre Deportivo La Coru√±a, que descendi√≥, y Fuenlabrada por casos de coronavirus mientras el resto de la √∫ltima fecha del torneo de la Segunda Divisi√≥n se disputaba igual, el presidente de LaLiga¬†(que tambi√©n organiza este campeonato) habl√≥ y gener√≥ mayor disgusto.""La √∫ltima jornada de la Segunda no se va a repetir"", confirm√≥ Javier Tebas‚Äã al medio espa√±ol ""Deportes Cuatro"". ""Desde hace tres o cuatro semanas ya ven√≠amos advirtiendo que est√°bamos en el alambre y la situaci√≥n nos pod√≠a llevar a alg√∫n problema en alg√∫n partido"", expres√≥ Tebas, quien tambi√©n cont√≥ que ""ning√∫n jugador de Fuenlabrada hab√≠a dado positivo en las pruebas PCR y por eso viajaron para jugar"".





Javier Tebas, presidente de La Liga de Espa√±a, desestim√≥ que se vuelva a jugar la √∫ltima jornada de la Segunda. Foto: EFE






Fueron 12 los casos de COVID-19 que saltaron en ese equipo y que hicieron suspender el encuentro con el Deportivo, cuyos futbolistas no pudieron jugar y se enteraron que hab√≠an perdido la categor√≠a por los resultados del resto de la fecha, que s√≠ se llev√≥ a cabo normalmente.

Mir√° tambi√©n










Mir√° tambi√©n

Coronavirus, suspensi√≥n y una definici√≥n con esc√°ndalo en el f√∫tbol de Espa√±a




Claro:¬†el problema es que lo que ocurra en este cotejo no jugado pude tener influencia en otros clubes. Por ejemplo, si Fuenlabrada gana lo privar√° a Elche de jugar los playoffs por el ascenso a la Primera. Por esto mismo, tanto desde La Coru√±a como en Elche y en otros clubes reclamaron que la jornada debi√≥ haberse suspendido en su totalidad. Por eso, ahora exigen que vuelva a jugarse.En el Deportivo se niegan a aceptar la validez de la p√©rdida de la categor√≠a. Y este martes fue su expresidente e hist√≥rico dirigente del club, Augusto C√©sar Lendoiro, quien sali√≥ a cruzar fuerte a Tebas con una curiosa comparaci√≥n futbol√≠stica: ""Cada vez se parece m√°s al Vinicius de los despachos. Hace la gran jugada, escapa de uno, escapa de otro, llega al borde del √°rea, dribla al portero y tal, pero cuando llega al momento de disparar al gol o entreg√°rselo al compa√±ero, elige mal"",

Mir√° tambi√©n










Mir√° tambi√©n

La trama secreta de la charla entre Messi y Seti√©n que fren√≥ el hurac√°n en Barcelona




El hist√≥rico dirigente del conjunto gallego fue a√∫n m√°s duro al disparar: ""No puede cometer esos errores de bulto. Somos el hazmerre√≠r de todo el mundo deportivo"".Tebas, por su parte, se muestra inflexible y hasta¬†dio a entender que podr√≠a haber sanciones a los clubes por incumplimiento de protocolo: ""Son¬†los inspectores que tiene cada club los que tienen que ver si se ha incumplido el protocolo"". Admiti√≥ que hubo denuncias en contra de algunos equipos desde la reanudaci√≥n, pero explic√≥ que Fuenlabrada no pertenec√≠a a este grupo.

Mir√° tambi√©n










Mir√° tambi√©n

La estrella del Real Madrid que gan√≥ un mill√≥n de d√≥lares por partido en esta temporada




Por √∫ltimo, insisti√≥ con que s√≥lo se disputar√° el encuentro pendiente: ""Se va a intentar que se juegue el Deportivo-Fuenlabrada en el momento en el que est√©n los jugadores disponibles"", cerr√≥ el mandam√°s de La Liga.



COMENTARIOS




























TEMAS QUE APARECEN EN ESTA NOTA


F√∫tbol Espa√±olJavier Tebas





 COMENTARIOS CERRADOS POR PROBLEMAS T√âCNICOS.
ESTAMOS TRABAJANDO PARA REACTIVARLOS EN BREVE.








 Comentarios







CARGANDO COMENTARIOS






Clar√≠n
Para comentar deb√©s activar tu cuenta haciendo clic en el e-mail que te enviamos a la casilla 
¬øNo encontraste el e-mail? Hace clic ac√° y te lo volvemos a enviar.


Ya la active


Cancelar




Clar√≠n
Para comentar nuestras notas por favor complet√° los siguientes datos.





Nombre



Apellido



Guardar


Cancelar









",Arde el f√∫tbol espa√±ol por una definici√≥n con esc√°ndalo: ‚ÄúSomos el hazmerre√≠r del mundo deportivo‚Äù,https://clarin.com/deportes/arde-futbol-espanol-definicion-escandalo-hazmereir-mundo-deportivo-_0_pE0zJ0mXR.html
"
Todos esos oto√±os, los inviernos y primaveras; todas las veces que con los mocos colgando y a la voz de ‚Äú¬øno tendr√°s una carilina?‚Äù arrojaste livianamente ‚Äúes un catarro‚Äù, ‚Äúuna gripe‚Äù, ‚Äúes alergia‚Äù.¬†Todos los resfr√≠os de tu vida¬†hoy cobran sentido. Varios equipos cient√≠ficos est√°n considerando que esos cuadros respiratorios ‚Äúaltos‚Äù podr√≠an ser decisivos en la eficacia con que el cuerpo responde al coronavirus. Lo que no est√° definido es¬†si para bien o para mal.Ocurre que el 30% de los resfr√≠os comunes son causados por cuatro tipos de coronavirus, algo as√≠ como los ‚Äúprimos mayores‚Äù del SARS-CoV2,¬†una camada m√°s vieja¬†de la misma familia de pat√≥genos. Cerca del 90% de la poblaci√≥n se enfrent√≥ a por lo menos tres de esos¬†cuatro virus.¬†

Lo interesante es que el paso de estos agentes por¬†nuestro organismo deja¬†una marca. Esa¬†cicatriz inmunol√≥gica¬†hoy cobra¬†especial protagonismo, ya que es capaz de reconocer¬†al menos un pedacito del virus del Covid-19. Si bien ese reconocimiento podr√≠a ser¬†plenamente beneficioso al momento de combatir el nuevo coronavirus,¬†como se explicar√° debajo, est√° penosamente¬†matizado por¬†un efecto¬†‚Äúdetrimental‚Äù.¬†





Un hisopado para la detecci√≥n de coronavirus. /AFP




En este punto, m√°s de uno se estar√° preguntando si -adem√°s de la cuesti√≥n de la edad¬†y las comorbilidades¬†del paciente- esta variable (haber tenido otros¬†coronavirus, y en consecuencia, contar con esa ""marca inmunol√≥gica"") explicar√≠a un poco mejor la inentendible brecha entre el 80% de la poblaci√≥n que transita el coronavirus casi sin notarlo, y el 20% que la pasa entre mal, muy mal o directamente no la pasa.‚ÄúLa respuesta es s√≠‚Äù, afirm√≥ Jorge Quarleri, vir√≥logo, investigador de la UBA-Conicet, en el Instituto de Investigaciones Biom√©dicas en Retrovirus y Sida (INBIRS).Quarleri puso a disposici√≥n de Clar√≠n cinco papers que detallan esta novedad. Todos¬†fechados entre fines de abril y julio de este a√±o. Dos se pueden leer en las prestigiosas revistas Nature y Cell (‚ÄúSARS-CoV-2-specific T cell immunity in cases of COVID-19 and SARS, and uninfected controls‚Äù, de cient√≠ficos singapurenses; y ‚ÄúTargets of T cell responses to SARS-CoV-2 coronavirus in humans with COVID-19 disease and unexposed individuals‚Äù, de estadounidenses), mientras que tres no fueron publicados todav√≠a, pero son resultado de trabajos¬†en universidades respetadas: la de San Diego (Estados Unidos), la de Berl√≠n (Alemania), la de Erasmus (Holanda) y las inglesas Southampton y Liverpool.

Mir√° tambi√©n










Mir√° tambi√©n

Vacunas contra el coronavirus: el top 10 de las m√°s avanzadas




‚ÄúLo que est√° en juego es nuestra historia inmunol√≥gica: c√≥mo puede influenciar de forma determinante en el curso de la infecci√≥n, una suerte de biblioteca que se vuelve un condicionante, dando mayor o menor √©nfasis a la respuesta del organismo"", introdujo.Puntualmente, ""estas investigaciones hablan de cuatro coronavirus (OC43, HKU1, NL63, 229E) cuya prevalencia en la poblaci√≥n es alt√≠sima, ya que causan resfr√≠os comunes, que son de f√°cil contagio. Y la cuesti√≥n es que pueden haber generado una respuesta inmune celular adaptativa, que en este momento estar√≠a dando una reacci√≥n cruzada contra el coronavirus‚Äù, resumi√≥.





Los resfr√≠os pasados podr√≠an tener un rol esencial en la pandemia del nuevo coronavirus.




Antes de ir a los vericuetos del tema, un aviso parroquial, a solicitud del vir√≥logo: ‚ÄúLa investigadora Gabriela Turk lidera un proyecto de investigaci√≥n en el Biobanco de Enfermedades Infecciosas (BBEI), dependiente del INBIRS (inbirs.org.ar). Est√°n estudiando la respuesta adaptativa de la poblaci√≥n argentina al Covid-19, para lo cual se necesitan muestras de sangre de donantes con sospecha de infecci√≥n o infecci√≥n confirmada. Es ideal que quienes puedan colaborar con el proyecto se contacten con el instituto, siempre preservando su identidad‚Äù.Batalla celularVolviendo a los resfr√≠os, el cuerpo humano responde a los agentes externos de dos maneras. La sistematizaci√≥n quiz√°s aburra, pero conviene seguirla para entender el fondo de la cuesti√≥n.Est√° la respuesta inmune innata, ‚Äúque carece de especificidad y memoria;¬†es m√°s bien una respuesta general a cualquier cosa extra√±a, como podr√≠a ser la acidez del est√≥mago para terminar con los microorganismos de los alimentos‚Äù. Y cuando se reconoce el objetivo, cuando se visualiza un agresor, surge una respuesta inmune adaptativa,¬†que es espec√≠fica y tiene memoria. A¬†su vez, se diferencia en dos ‚Äúbrazos‚Äù.‚ÄúDe un lado est√° la respuesta inmune adaptativa humoral,¬†que est√°¬†en los 'humores', los l√≠quidos del cuerpo. El 'efector' que lleva adelante esa acci√≥n inmunol√≥gica o antimicrobiana son los anticuerpos, prote√≠nas solubles que viajan en nuestros l√≠quidos. En este proceso participan los llamados linfocitos B‚Äù, detall√≥ Quarleri.





Una c√©lula humana que fue atacada por el Covid-19. /Reuters.




Por otro lado¬†hay un respuesta inmune adaptativa celular, la que nos importa ahora: ‚ÄúEst√° mediada fundamentalmente por linfocitos T,¬†el componente que lleva adelante la acci√≥n inmunol√≥gica son c√©lulas y¬†los efectores que dan esa respuesta inmune son esos linfocitos en particular. Estos linfocitos T luego 'ayudan' a los otros, los linfocitos B, que intervienen en la generaci√≥n de anticuerpos‚Äù.La clave est√° ah√≠: ‚ÄúLo que vieron estos investigadores es que en muchos casos de pacientes que no hab√≠an tenido coronavirus, al tomar sus linfocitos T y enfrentarlos en el laboratorio con peque√±os pedacitos de prote√≠nas del virus SARS-CoV2, la respuesta mostraba que hab√≠a una memoria, como si esos linfocitos ya hubieran enfrentado el coronavirus en el pasado. Lo que pas√≥, en realidad, es que los otros coronavirus dejaron una cicatriz¬†inmunol√≥gica,¬†que en este contexto genera¬†una reacci√≥n cruzada con el SARS 2‚Äù.¬øSe puede decir entonces¬†que la mayor√≠a de la poblaci√≥n est√° m√°s o menos ‚Äúarmada‚Äù para responder al nuevo coronavirus, en sinton√≠a, tal vez, con el 80% de ""leves y asintom√°ticos""? Quarleri dijo que s√≠, en principio, pero nada es tan lineal porque, al mismo tiempo, los investigadores reportan una reacci√≥n opuesta: un¬†efecto adverso, ‚Äúdetrimental‚Äù, lo que Quarleri llam√≥ ‚Äúpecado original antig√©nico‚Äù.ContracaraEsta parte es m√°s sencilla. Seg√∫n el repaso de Quarleri, ‚Äúhablamos primero de un aspecto beneficioso, personas que muestran una memoria dirigida. Es decir, Juancito en los '80 se infect√≥ con un coronavirus de resfr√≠o. En 2020 se enfrenta con el SARS 2. Como esos virus 'comparten' pedacitos peque√±os de estructura, la respuesta inmune tras la agresi√≥n del segundo es r√°pida y enf√°tica,¬†por ese 'recuerdo' del encuentro anterior con los coronavirus del resfr√≠o"".Sin embargo, sigui√≥, ""la macana es que podr√≠a¬†'confundirse'¬†e interpretar que esa agresi√≥n es otra vez causada por el agente del resfr√≠o, lo que dar√≠a lugar a una respuesta indeseada, d√©bil, dirigida al¬†agresor que ahora no est√° pero que hab√≠a roto la 'virgnidad' inmune. De ah√≠¬†la expresi√≥n¬†'pecado original antig√©nico'‚Äù.

Mir√° tambi√©n










Mir√° tambi√©n

Coronavirus 2021: ¬øes posible que el Covid-19 ‚Äúmuera‚Äù solo antes de que llegue la vacuna?




Qu√© personas, o m√°s bien, qu√© organismos y¬†a partir¬†de qu√© variables responden¬†haciendo productiva esa ""memoria"" y cu√°les¬†se retrotraen llevando el sistema inmune hacia atr√°s,¬†es lo que investigadores de todo el mundo intentan desambiguar por estas horas.El desarrollo de una vacuna exitosa no est√° exento de esta problem√°tica. ‚ÄúRespecto de las pruebas de vacunas en individuos con esta inmunidad, es decir, con la fortaleza de los otros coronavirus, hay quienes advierten que esos estudios podr√≠an tener alg√∫n sesgo, es decir, que la respuesta de esas personas a la vacuna podr√≠a ser confusa‚Äù, explic√≥.Al mismo tiempo, como las vacunas ‚Äúimitan‚Äù artificialmente la forma natural de la infecci√≥n que se intenta combatir (de modo de estimular la producci√≥n de anticuerpos), no puede eludirse el conflicto (‚Äúdel cual, no dudo, los expertos que trabajan con RNA mensajero est√°n al tanto‚Äù, subray√≥ Quarleri) de que el organismo reaccione yendo ""hacia atr√°s"", como si combatiera un simple resfr√≠o. Y cometiera, entonces, el indeseable pecado original antig√©nico.PS




Qu√© es el CoronavirusC√≥mo se contagia y c√≥mo son sus s√≠ntomas
Mir√° el especial 









COMENTARIOS




























TEMAS QUE APARECEN EN ESTA NOTA


CoronavirusCoronavirus En ArgentinaCuarentenaCiencia





 COMENTARIOS CERRADOS POR PROBLEMAS T√âCNICOS.
ESTAMOS TRABAJANDO PARA REACTIVARLOS EN BREVE.








 Comentarios







CARGANDO COMENTARIOS






Clar√≠n
Para comentar deb√©s activar tu cuenta haciendo clic en el e-mail que te enviamos a la casilla ",‚ÄúPrimos‚Äù del coronavirus: causan resfr√≠os comunes y podr√≠an ser decisivos en la reacci√≥n del cuerpo frente al Covid-19,https://clarin.com/sociedad/-primos-coronavirus-causan-resfrios-comunes-podrian-decisivos-reaccion-cuerpo-frente-covid-19_0_k4WSE1Ghn.html
"
Una nueva ca√≠da de WhatsApp ‚Äãtrajo a la luz los reiterados problemas de diversa √≠ndole que ocurren cada vez m√°s seguido y de los cuales su due√±a, Facebook‚Äã, no siempre tiene una respuesta oficial al respecto.Si bien fue fugaz y no se generaliz√≥ a nivel mundial, el servicio de mensajer√≠a m√°s popular entre los celulares sufri√≥ el segundo inconveniente t√©cnico en menos de una semana.

WhatsApp¬†‚Äãse cay√≥ en la tarde del martes 14 de julio durante unos 25 minutos: no permit√≠a enviar mensajes, que quedaban con el peque√±o logo del reloj, adem√°s de que imped√≠a usarlo en su versi√≥n web. Cerca de las 5.35 de Argentina volvi√≥ a la normalidad.Con el correr de las horas, el problema fue reportado en la plataforma DownDetector¬†desde distintos pa√≠ses hasta que se confirm√≥ que hab√≠a impactado en todo el mundo.

Mir√° tambi√©n










Mir√° tambi√©n

C√≥mo bloquear WhatsApp si me roban o pierdo el celular




Los primeros en notar las fallas¬†fueron los usuarios de la versi√≥n Web, que se encontraron con que se les hab√≠a cerrado la sesi√≥n; lo mismo pas√≥ con la app para PC. Pero tampoco pudieron acceder.Quienes siguieron utilizando la app en sus tel√©fonos, encontraron que al principio los mensajes llegaban a destino, hasta que en un momento los env√≠os se cortaron. Sin dar mayores explicaciones sobre lo sucedido, WhatsApp emiti√≥ un breve comunicado al respecto: ""Somos conscientes de que algunas personas actualmente est√°n con inconvenientes para enviar mensajes. Estamos trabajando para restaurar WhatsApp para todos lo m√°s r√°pido posible"". Pero en menos de una semana lleg√≥ el segundo cimbronazo.A trav√©s de la misma plataforma de monitoreo DownDetector, se pudo comprobar este lunes un pico de reportes de fallas para conectarse, y para enviar o recibir mensajes de sus contactos.Los usuarios de pa√≠ses como¬†M√©xico, Brasil, Estados Unidos, Singapur, Malasia y Colombia fueron quienes registraron problemas con la aplicaci√≥n.





whatsapp web, la versi√≥n para PC del popular mensajero. (Foto: Shutterstock)




A diferencia de otros episodios, la ca√≠da en este caso fue fugaz, casi imperceptible para el resto de los usuarios en el planeta, ya que dur√≥ poco m√°s de 10 minutos y en muchos lugares ocurri√≥ en plena madrugada, con lo que tampoco interfiri√≥ en exceso en la comunicaci√≥n habitual.Sin embargo, la peor pesadilla para Mark Zuckerberg la vivi√≥ hace poco m√°s de un a√±o, el mi√©rcoles 3 de julio de 2019. Una crisis tal vez m√°s profunda que el esc√°ndalo con Cambridge Analytica y la privacidad de sus usuarios, porque durante varias horas Facebook, Instagram y Whatsapp, las redes sociales m√°s potentes del mundo estuvieron fuera de servicio al tener casi todas sus funciones congeladas.S√≥lo se pod√≠a chatear con mensajes de texto y todo lo otro, ese valor agregado que hace que estas aplicaciones sean muy superiores al antiguo ICQ, o a las salas de chat de los 90, estaba vedado por una falla gigantesca.Seg√∫n dijeron en Facebook, empresa due√±a de la red social del mismo nombre y WhatsApp e Instagram, se produjo una falla en la red de distribuci√≥n de contenidos durante una operaci√≥n de mantenimiento de rutina.Muchos usuarios, expresaron su bronca en Twitter, que en las √∫ltimas ca√≠das se ha convertido en un foro no solo para hacer catarsis sino tambi√©n para confirmar si el servicio funciona o no. Por qu√© se cae¬†
Adivinen quien se cay√≥ de nuevo. #WhatsAppDown pic.twitter.com/6rsx7SBu16‚Äî Karla Patosüíï (@karlapatos) July 21, 2020


Cada vez esas interrupciones parecen m√°s recurrentes, sobre todo en medio de la pandemia, en la que cinco minutos sin mensajes parecen una eternidad. ¬øSer√° que el servicio est√° al l√≠mite? ¬øLa tan promocionada convergencia de servicios con Facebook e Instagram? ¬øO son ataques?A ciencia cierta parece un misterio, ya que la red social de Mark Zuckerberg se ha mostrado reticente a revelar las causas que originan las reiteradas ca√≠das de WhatsApp.Ante cada episodio, la red social se escud√≥ en comunicados oficiales en que se mostr√≥ emp√°tica con sus usuarios, pero poco abierta a brindar respuestas t√©cnicas sobre los incidentes. Con excepci√≥n del grave episodio del 2019, claro.

Mir√° tambi√©n










Mir√° tambi√©n

BadPower: el nuevo y letal virus que puede quemarte el celular




En aquel entonces los problemas de Facebook apuntaban a su CDN (Content Distribution Network), como se denomina a un grupo distribuido de servidores ubicado en diferentes continentes, que no estuvo en funcionamiento y esto afect√≥ tanto a la red social como a Instagram, Messenger y WhatsApp.La CDN facilita el intercambio de contenidos audiovisuales de la web de manera r√°pida y eficaz a trav√©s de servidores que los guardan en cach√© en distintos puntos cercanos a los usuarios finales para que puedan se accesibles.Un vocero de Facebook, que tambi√©n habl√≥ en nombre de Instagram y WhatsApp, explic√≥ que una ""operaci√≥n de mantenimiento de rutina"" desencaden√≥ accidentalmente un error que dificult√≥¬†a los usuarios subir o enviar fotos y videos.Twitter y Telegram, los salvavidas digitales Como ante cada ca√≠da del servicio de WhatsApp, los millones¬†de usuarios se volcaron de inmediato a la red social Twitter y la existencia de servicios de mensajer√≠a alternativos, como Telegram, su principal rival en Occidente.En principio, Twitter es el reducto elegido por quienes buscan informaci√≥n al respecto y terminan impulsando hashtags que r√°pidamente se convierten en tendencia mundial.¬†En la noche del lunes WhatsApp volvi√≥ a ser tendencia en Twitter con la etiqueta #WhatsAppDown, con la que usuarios compart√≠an sus reportes sobre problemas con el servicio de mensajer√≠a. Y, como era de esperar, los memes se transformaron una vez m√°s¬†en la forma humor√≠stica de canalizar la bronca por lo sucedido.
Se cay√≥ whatsapp/ah, pero nadie me escribe, pos' me vuelvo a dormir. #whatsappdown pic.twitter.com/qHTgbwl9tT‚Äî Efra (@Effrraa) July 21, 2020



#whatsappdown la gente entrando a Tw para comprobar si se hab√≠a ca√≠do WhatsApp pic.twitter.com/trvI6lbpyk‚Äî Abraham_078üè≥Ô∏è‚Äçüåà (@Abraham_0788) July 21, 2020


Por otro lado, la necesidad de los usuarios por seguir conectado a cada instante hizo que Telegram (una vez m√°s y van...) se posicionara nuevamente como el principal recurso para evitar la desconexi√≥n.Las sucesivas ca√≠das de WhatsApp hacen¬†que la app creada por el ruso Pavel Durov sean inevitables, as√≠ como las comparaciones entre ambas plataformas.¬†Por ejemplo, Telegram cuenta una versi√≥n para iPad, algo que WhatsApp a√∫n no tiene, pero que eval√∫a lanzar en alg√∫n momento.





Telegram, la app a la que acuden los usuarios ante cada ca√≠da de WhatsApp. (UNSPLASH)




Asimismo dispone de una versi√≥n para PC, Linux y macOS, mientras que WhatsApp ofrece una versi√≥n web disponible para navegadores en computadoras personales.Otro punto a destacar es la consistencia del servicio, mucho m√°s estable que la plataforma de Facebook: Telegram no registra incidentes considerables en lo que va del a√±o.PJB



COMENTARIOS




























TEMAS QUE APARECEN EN ESTA NOTA


WhatsappAndroidApple IOS





 COMENTARIOS CERRADOS POR PROBLEMAS T√âCNICOS.
ESTAMOS TRABAJANDO PARA REACTIVARLOS EN BREVE.








 Comentarios







CARGANDO COMENTARIOS






Clar√≠n
Para comentar deb√©s activar tu cuenta haciendo clic en el e-mail que te enviamos a la casilla ",Por qu√© se cae WhatsApp: ya hubo dos cortes en menos de una semana y crecen las quejas,https://clarin.com/tecnologia/cae-whatsapp-cortes-semana-crecen-quejas_0_8pGwEZqK_.html
"
Muri√≥ Ana Mar√≠a Patricelli, la novia de Pablo Cabaleiro, el actor que se hizo famoso por su nombre art√≠stico, El Mago Sin Dientes. La mujer, de 50 a√±os de edad, fue hallada sin vida este martes por la ma√±ana en su departamento¬†ubicado en la calle Gelly al 3300, en la¬†Ciudad Aut√≥noma de Buenos Aires. Seg√∫n el parte policial, fue¬†su hija Sof√≠a quien la encontr√≥ ""con una bolsa negra en la cabeza, pastillas y alcohol"" en su dormitorio. La primera hip√≥tesis habla de un suicidio, aunque en las pr√≥ximas horas se le realizar√° una autopsia.""Est√° actuando la Fiscal√≠a en la Correccional y Criminal n√∫mero 43. Se est√° caratulando como una averiguaci√≥n por muerte dudosa"", adelant√≥ Rodrigo Lussich en Intrusos (Am√©rica, a las 13.30). Y comenz√≥ a dar m√°s detalles del parte policial.

""Estaba en el piso 17, departamento A. Arribando al lugar fueron atendidos los efectivos policiales por la empleada dom√©stica de la casa, de nombre Sonia Graciela Bustamante. Y participa la se√±ora Sof√≠a Antonella Jassinovich, que refiere ser hija de la se√±ora Patricelli"", relat√≥.

Mir√° tambi√©n










Mir√° tambi√©n

La ins√≥lita promesa del Mago sin Dientes que hizo estallar de risa a Mirtha Legrand




Y sigui√≥: ""Se requiere que en horas de la ma√±ana, cuando se encontraba dormitando en su habitaci√≥n, se escuch√≥ sonar el timbre del departamento por lo cual se levant√≥ para recepcionar a la empleada dom√©stica y al ir juntas a la habitaci√≥n de Ana Mar√≠a Patricelli la encontraron sin vida. Con una bolsa de color negro en la cabeza, pastillas y alcohol"".El cuerpo de Patricelli estaba ""recostado sobre su lateral izquierdo"". De inmediato, al encontrarlo, se solicit√≥ ""la presencia del SAME en el lugar, al cual se produjo el arribo del interno 345 del hospital Fern√°ndez a las 10 de la ma√±ana"".





El Mago Sin Dientes junto a su novia.




La fiscal dispuso realizar una autopsia, que la Divisi√≥n de Homicidios le recepcione la declaraci√≥n a los all√≠ presentes y que la presente causa se caratule homicidio. Asimismo, corresponde que se ampliar√° la misma y que esto se investigar√° como ""muerte dudosa"".Ana Mar√≠a y Cabaleiro fueron noticia en noviembre del a√±o pasado cuando ella denunci√≥ haber sufrido el robo de una caja fuerte de su vivienda. El episodio se hizo p√∫blico porque Ana Mar√≠a decidi√≥ postearlo en sus redes sociales. 

Mir√° tambi√©n

Mir√° tambi√©n

Luciana Salazar se cruz√≥ con el Mago Sin Dientes por el debate presidencial




Pablo todav√≠a no hizo declaraciones sobre el fallecimiento de su pareja, con quien se mostr√≥ en distintas oportunidades feliz y enamorado. Una de sus √∫ltimas apariciones juntos fue este verano, en la cena de A√±o Nuevo celebrada en un hotel de Mar del Plata.





El ""Mago sin Dientes"" y Ana Mar√≠a recibiendo el 2020 en el hotel Costa Galana de Mar del Plata.







COMENTARIOS




























TEMAS QUE APARECEN EN ESTA NOTA


Mago Sin Dientes





 COMENTARIOS CERRADOS POR PROBLEMAS T√âCNICOS.
ESTAMOS TRABAJANDO PARA REACTIVARLOS EN BREVE.








 Comentarios







CARGANDO COMENTARIOS






Clar√≠n
Para comentar deb√©s activar tu cuenta haciendo clic en el e-mail que te enviamos a la casilla ",Encontraron muerta a la novia del Mago Sin Dientes,https://clarin.com/fama/encontraron-muerta-novia-mago-dientes_0_LEo7Rwve_.html
"
Tras permanecer dos d√≠as detenido por matar a un ladr√≥n, Jorge R√≠os (70) dej√≥ este lunes la c√°rcel, aunque permanece con prisi√≥n preventiva. La pesadilla para este jubilado parece estar lejos de terminar. Unas horas despu√©s de dejar la celda de la comisar√≠a novena de Quilmes, la familia del asaltante fallecido lo fue a buscar y a gritarle cosas frente a las c√°maras de televisi√≥n en la puerta de su casa.La situaci√≥n se dio este lunes a la noche cuando un grupo de mujeres y un adolescente, que dijeron ser familiares de Franco ""Piolo"" Moreyra (26), fueron hasta la propiedad de R√≠os, ubicada en Ayolas al 2700, para que el hombre ""d√© la cara"".

En ese lugar, el viernes a la madrugada, el herrero se defendi√≥ a los tiros de un asalto en el que los ladrones lo atacaron a golpes en el living de su casa. Como esa misma noche ya le hab√≠an entrado dos veces a robarle cosas del patio, el hombre tom√≥ su pistola 9 mil√≠metros y se durmi√≥ con ella en un sill√≥n.En medio del ataque, el jubilado sac√≥ el arma, hizo un disparo e hiri√≥ a Moreyra en una pierna. El segundo tiro fue a 60 metros de su casa e impact√≥ en el pecho de Moreyra, que muri√≥. 





El jubilado Jorge R√≠os (70) fue golpeado por los ladrones y qued√≥ detenido por matar a uno de ellos, en Quilmes.




R√≠os estuvo dos d√≠as detenido y ahora est√° bajo arresto domiciliario acusado de ""homicidio simple, agravado por uso de arma de fuego"". Solo unas horas despu√©s de haber salido de la comisar√≠a, la familia de Moreyra fue a buscarlo, aunque no se sabe si √©l est√° all√≠ o en lo de alguna de sus dos hijas.""Mi hijo se qued√≥ sin pap√°¬†gracias a este se√±or. Yo soy la mam√°¬†del hijo,¬† ustedes hablan boludeces"", le dijo a los gritos una mujer a la periodista Liliana Caruso, de A24. Era la ex pareja de ""Piolo"", con quien hab√≠a tenido un nene.Todo ocurri√≥ cuando la familia de R√≠os estaba en la casa. ""Que d√© la cara, que salgan. No ten√≠a por qu√© por qu√© salir a matarlo a mi t√≠o"", dijo otra mujer. Los parientes del ladr√≥n se mostraron muy indignados con los medios de comunicaci√≥n y pidieron ""contar la realidad de lo que pas√≥"", pero no quisieron brindar su versi√≥n.





La familia del ladr√≥n asesinado por un jubilado en Quilmes increp√≥ a la familia del hombre de 70 a√±os.




Ahora la casa de R√≠os est√° con custodia de un grupo de Infanter√≠a de la Polic√≠a bonaerense y la familia del hombre adelant√≥ que vender√°n la propiedad y se ir√°n del barrio por temor a represalias.""√âl quiso defenderse. Estaba durmiendo en su casa tranquilo y lo despiertan a los golpes en la tercera oportunidad. En las anteriores advirti√≥ que hab√≠a movimientos pero no lo crey√≥ relevante"", dijo Cecilia, una de las hijas de R√≠os.





Un grupo de Infanter√≠a de la Polic√≠a bonaerense custodia el frente de la casa del jubilado. (Foto Maxi Failla)




""La √∫ltima vez lo golpean muy salvajemente y se da el desenlace que conocemos. √âl est√°¬†destrozado, tiene un problema muy grave de salud, tiene problemas respiratorios, card√≠acos, falla renal"", cont√≥ su hija.La mujer detall√≥ que su padre primero dispar√≥ cuando estaba adentro de su casa, en respuesta a los golpes que le daban los asaltantes que adem√°s portaban una faca. 

Mir√° tambi√©n

Mir√° tambi√©n

Video: la secuencia completa del asalto al jubilado que mat√≥ a un ladr√≥n en Quilmes




""Mi pap√° le dice: 'Quedate quieto, no me hagas disparar' y el hombre muy por el contrario lo comienza a golpear, lo levanta y lo tira al piso. Ah√≠ es donde comienza el forcejeo, resulta muy lastimado, lo empieza a correr y en esa secuencia es donde dispara"", dijo Cecilia.La secuencia continu√≥ en el patio, cuando los asaltantes quisieron ir a la casa de una vecina. ""Ah√≠ es donde mi pap√° siente la necesidad de protegerla"", complet√≥.¬†EMJ



COMENTARIOS




























TEMAS QUE APARECEN EN ESTA NOTA


InseguridadQuilmesPolic√≠a Bonaerense





 COMENTARIOS CERRADOS POR PROBLEMAS T√âCNICOS.
ESTAMOS TRABAJANDO PARA REACTIVARLOS EN BREVE.








 Comentarios







CARGANDO COMENTARIOS






Clar√≠n
Para comentar deb√©s activar tu cuenta haciendo clic en el e-mail que te enviamos a la casilla ","‚ÄúMi hijo se qued√≥ sin pap√° gracias a este se√±or‚Äù, el ins√≥lito reproche de la ex del ladr√≥n muerto",https://clarin.com/policiales/-hijo-quedo-papa-gracias-senor-insolito-reproche-ex-ladron-muerto_0_QeVmtUlRJ.html
